실행시각,지표,결과,비고
2026-07-25 01:52,금리_CD91일,성공,139행 수집
2026-07-25 01:52,금리_국고채3년,성공,139행 수집
2026-07-25 01:52,금리_회사채AA,성공,139행 수집
2026-07-25 01:52,금리_회사채BBB,성공,139행 수집
2026-07-25 01:52,PPI_형강,실패,ECOS 응답 오류: 해당하는 데이터가 없습니다.
2026-07-25 01:52,PPI_철근 및 봉강,실패,ECOS 응답 오류: 해당하는 데이터가 없습니다.
2026-07-25 01:52,CPI_총지수,성공,138행 수집
2026-07-25 01:52,GDP디플레이터,실패,ECOS 응답 오류: 해당하는 데이터가 없습니다.
2026-07-25 01:52,건설공사비지수,실패,"KOSIS 응답 오류: {'err': '11', 'errMsg': '유효하지 않은 인증KEY입니다.'}"
2026-07-25 01:52,노임단가,실패,"KOSIS 응답 오류: {'err': '11', 'errMsg': '유효하지 않은 인증KEY입니다.'}"
2026-07-25 01:52,지가변동률_의왕,실패,"KOSIS 응답 오류: {'err': '11', 'errMsg': '유효하지 않은 인증KEY입니다.'}"
2026-07-25 01:52,토지거래_의왕,실패,"KOSIS 응답 오류: {'err': '11', 'errMsg': '유효하지 않은 인증KEY입니다.'}"
2026-07-25 02:12,금리_CD91일,성공,139행 수집
2026-07-25 02:12,금리_국고채3년,성공,139행 수집
2026-07-25 02:12,금리_회사채AA,성공,139행 수집
2026-07-25 02:12,금리_회사채BBB,성공,139행 수집
2026-07-25 02:12,PPI_형강,실패,ECOS 응답 오류: 해당하는 데이터가 없습니다.
2026-07-25 02:12,PPI_철근 및 봉강,실패,ECOS 응답 오류: 해당하는 데이터가 없습니다.
2026-07-25 02:12,CPI_총지수,성공,138행 수집
2026-07-25 02:12,GDP디플레이터,실패,ECOS 응답 오류: 해당하는 데이터가 없습니다.
2026-07-25 02:12,건설공사비지수,성공,3288행 수집
2026-07-25 02:12,노임단가,성공,138행 수집
2026-07-25 02:12,지가변동률_의왕,실패,"KOSIS 응답 오류: {'err': '31', 'errMsg': ' 40,000셀을 초과한 결과값은 요청하실 수 없습니다.'}"
2026-07-25 02:12,토지거래_의왕,실패,"KOSIS 응답 오류: {'err': '31', 'errMsg': ' 40,000셀을 초과한 결과값은 요청하실 수 없습니다.'}"
2026-07-25 02:55,금리_CD91일,성공,139행 수집
2026-07-25 02:55,금리_국고채3년,성공,139행 수집
2026-07-25 02:55,금리_회사채AA,성공,139행 수집
2026-07-25 02:55,금리_회사채BBB,성공,139행 수집
2026-07-25 02:55,PPI_형강,실패,ECOS 응답 오류: 해당하는 데이터가 없습니다.
2026-07-25 02:55,PPI_철근 및 봉강,실패,ECOS 응답 오류: 해당하는 데이터가 없습니다.
2026-07-25 02:55,CPI_총지수,성공,138행 수집
2026-07-25 02:55,GDP디플레이터,실패,ECOS 응답 오류: 해당하는 데이터가 없습니다.
2026-07-25 02:55,건설공사비지수,성공,51행 수집
2026-07-25 02:55,노임단가,성공,23행 수집
2026-07-25 02:55,지가변동률_의왕,성공,68행 수집
2026-07-25 02:55,토지거래_의왕,성공,9042행 수집
2026-08-04 01:56,금리_CD91일,성공,140행 수집
2026-08-04 01:56,금리_국고채3년,성공,140행 수집
2026-08-04 01:56,금리_회사채AA,성공,140행 수집
2026-08-04 01:56,금리_회사채BBB,성공,140행 수집
2026-08-04 01:56,PPI_형강,실패,ECOS 응답 오류: 해당하는 데이터가 없습니다.
2026-08-04 01:56,PPI_철근 및 봉강,실패,ECOS 응답 오류: 해당하는 데이터가 없습니다.
2026-08-04 01:56,CPI_총지수,성공,138행 수집
2026-08-04 01:56,GDP디플레이터,실패,ECOS 응답 오류: 해당하는 데이터가 없습니다.
2026-08-04 01:56,건설공사비지수,실패,"HTTPSConnectionPool(host='kosis.kr', port=443): Max retries exceeded with url: /openapi/Param/statisticsParameterData.do?method=getList&apiKey=OWRmNTdmYjFjM2Q0YmEyMTZjZWM5OTk0ZDAyMWM3ZGQ=&itmId=16397AAA0+&objL1=15397AA2AA+15397AA2AA1+15397AA2AA2+&objL2=&objL3=&objL4=&objL5=&objL6=&objL7=&objL8=&form"
2026-08-04 01:56,노임단가,실패,"HTTPSConnectionPool(host='kosis.kr', port=443): Max retries exceeded with url: /openapi/Param/statisticsParameterData.do?method=getList&apiKey=OWRmNTdmYjFjM2Q0YmEyMTZjZWM5OTk0ZDAyMWM3ZGQ=&itmId=16365AAC8+&objL1=15365AG5AB+&objL2=&objL3=&objL4=&objL5=&objL6=&objL7=&objL8=&format=json&jsonVD=Y&prdSe=H"
2026-08-04 01:56,지가변동률_의왕,실패,"HTTPSConnectionPool(host='kosis.kr', port=443): Max retries exceeded with url: /openapi/Param/statisticsParameterData.do?method=getList&apiKey=OWRmNTdmYjFjM2Q0YmEyMTZjZWM5OTk0ZDAyMWM3ZGQ=&itmId=T1+&objL1=10+19+1931+193103+&objL2=&objL3=&objL4=&objL5=&objL6=&objL7=&objL8=&format=json&jsonVD=Y&prdSe=M"
2026-08-04 01:56,토지거래_의왕,실패,"HTTPSConnectionPool(host='kosis.kr', port=443): Max retries exceeded with url: /openapi/Param/statisticsParameterData.do?method=getList&apiKey=OWRmNTdmYjFjM2Q0YmEyMTZjZWM5OTk0ZDAyMWM3ZGQ=&itmId=13103114390T1+13103114390T2+&objL1=13102114390A.0001+13102114390A.0010+13102114390A.00100034+&objL2=ALL&ob"
2026-08-04 02:13,금리_CD91일,성공,140행 수집
2026-08-04 02:13,금리_국고채3년,성공,140행 수집
2026-08-04 02:13,금리_회사채AA,성공,140행 수집
2026-08-04 02:13,금리_회사채BBB,성공,140행 수집
2026-08-04 02:13,PPI_형강,실패,ECOS 응답 오류: 해당하는 데이터가 없습니다.
2026-08-04 02:13,PPI_철근 및 봉강,실패,ECOS 응답 오류: 해당하는 데이터가 없습니다.
2026-08-04 02:13,CPI_총지수,성공,138행 수집
2026-08-04 02:13,GDP디플레이터,실패,ECOS 응답 오류: 해당하는 데이터가 없습니다.
2026-08-04 02:13,건설공사비지수,실패,"HTTPSConnectionPool(host='kosis.kr', port=443): Max retries exceeded with url: /openapi/Param/statisticsParameterData.do?method=getList&apiKey=OWRmNTdmYjFjM2Q0YmEyMTZjZWM5OTk0ZDAyMWM3ZGQ=&itmId=16397AAA0+&objL1=15397AA2AA+15397AA2AA1+15397AA2AA2+&objL2=&objL3=&objL4=&objL5=&objL6=&objL7=&objL8=&form"
2026-08-04 02:13,노임단가,실패,"HTTPSConnectionPool(host='kosis.kr', port=443): Max retries exceeded with url: /openapi/Param/statisticsParameterData.do?method=getList&apiKey=OWRmNTdmYjFjM2Q0YmEyMTZjZWM5OTk0ZDAyMWM3ZGQ=&itmId=16365AAC8+&objL1=15365AG5AB+&objL2=&objL3=&objL4=&objL5=&objL6=&objL7=&objL8=&format=json&jsonVD=Y&prdSe=H"
2026-08-04 02:13,지가변동률_의왕,실패,"HTTPSConnectionPool(host='kosis.kr', port=443): Max retries exceeded with url: /openapi/Param/statisticsParameterData.do?method=getList&apiKey=OWRmNTdmYjFjM2Q0YmEyMTZjZWM5OTk0ZDAyMWM3ZGQ=&itmId=T1+&objL1=10+19+1931+193103+&objL2=&objL3=&objL4=&objL5=&objL6=&objL7=&objL8=&format=json&jsonVD=Y&prdSe=M"
2026-08-04 02:13,토지거래_의왕,실패,"HTTPSConnectionPool(host='kosis.kr', port=443): Max retries exceeded with url: /openapi/Param/statisticsParameterData.do?method=getList&apiKey=OWRmNTdmYjFjM2Q0YmEyMTZjZWM5OTk0ZDAyMWM3ZGQ=&itmId=13103114390T1+13103114390T2+&objL1=13102114390A.0001+13102114390A.0010+13102114390A.00100034+&objL2=ALL&ob"
2026-08-04 02:22,금리_CD91일,성공,140행 수집
2026-08-04 02:22,금리_국고채3년,성공,140행 수집
2026-08-04 02:22,금리_회사채AA,성공,140행 수집
2026-08-04 02:22,금리_회사채BBB,성공,140행 수집
2026-08-04 02:22,PPI_형강,실패,ECOS 응답 오류: 해당하는 데이터가 없습니다.
2026-08-04 02:22,PPI_철근 및 봉강,실패,ECOS 응답 오류: 해당하는 데이터가 없습니다.
2026-08-04 02:22,CPI_총지수,성공,138행 수집
2026-08-04 02:22,GDP디플레이터,실패,ECOS 응답 오류: 해당하는 데이터가 없습니다.
2026-08-04 02:22,건설공사비지수,성공,51행 수집
2026-08-04 02:22,노임단가,성공,23행 수집
2026-08-04 02:22,지가변동률_의왕,성공,68행 수집
2026-08-04 02:22,토지거래_의왕,성공,9042행 수집
2026-08-04 03:00,금리_CD91일,성공,140행 수집
2026-08-04 03:00,금리_국고채3년,성공,140행 수집
2026-08-04 03:00,금리_회사채AA,성공,140행 수집
2026-08-04 03:00,금리_회사채BBB,성공,140행 수집
2026-08-04 03:00,PPI_형강,실패,ECOS 응답 오류: 해당하는 데이터가 없습니다.
2026-08-04 03:00,PPI_철근 및 봉강,실패,ECOS 응답 오류: 해당하는 데이터가 없습니다.
2026-08-04 03:00,CPI_총지수,성공,138행 수집
2026-08-04 03:00,GDP디플레이터,실패,ECOS 응답 오류: 해당하는 데이터가 없습니다.
2026-08-04 03:00,건설공사비지수,성공,51행 수집
2026-08-04 03:00,노임단가,성공,23행 수집
2026-08-04 03:00,지가변동률_의왕,성공,68행 수집
2026-08-04 03:00,토지거래_의왕,성공,9042행 수집
