기준월,대분류,지표명,항목,실적,전망중심,전망하단,전망상단
2015-01-01,PF금리,CD(91일) 수익률,CD(91일),2.129,,,
2015-02-01,PF금리,CD(91일) 수익률,CD(91일),2.115,,,
2015-03-01,PF금리,CD(91일) 수익률,CD(91일),1.954,,,
2015-04-01,PF금리,CD(91일) 수익률,CD(91일),1.813,,,
2015-05-01,PF금리,CD(91일) 수익률,CD(91일),1.8,,,
2015-06-01,PF금리,CD(91일) 수익률,CD(91일),1.705,,,
2015-07-01,PF금리,CD(91일) 수익률,CD(91일),1.648,,,
2015-08-01,PF금리,CD(91일) 수익률,CD(91일),1.64,,,
2015-09-01,PF금리,CD(91일) 수익률,CD(91일),1.602,,,
2015-10-01,PF금리,CD(91일) 수익률,CD(91일),1.577,,,
2015-11-01,PF금리,CD(91일) 수익률,CD(91일),1.585,,,
2015-12-01,PF금리,CD(91일) 수익률,CD(91일),1.67,,,
2016-01-01,PF금리,CD(91일) 수익률,CD(91일),1.665,,,
2016-02-01,PF금리,CD(91일) 수익률,CD(91일),1.637,,,
2016-03-01,PF금리,CD(91일) 수익률,CD(91일),1.626,,,
2016-04-01,PF금리,CD(91일) 수익률,CD(91일),1.61,,,
2016-05-01,PF금리,CD(91일) 수익률,CD(91일),1.581,,,
2016-06-01,PF금리,CD(91일) 수익률,CD(91일),1.426,,,
2016-07-01,PF금리,CD(91일) 수익률,CD(91일),1.362,,,
2016-08-01,PF금리,CD(91일) 수익률,CD(91일),1.349,,,
2016-09-01,PF금리,CD(91일) 수익률,CD(91일),1.34,,,
2016-10-01,PF금리,CD(91일) 수익률,CD(91일),1.354,,,
2016-11-01,PF금리,CD(91일) 수익률,CD(91일),1.419,,,
2016-12-01,PF금리,CD(91일) 수익률,CD(91일),1.537,,,
2017-01-01,PF금리,CD(91일) 수익률,CD(91일),1.495,,,
2017-02-01,PF금리,CD(91일) 수익률,CD(91일),1.49,,,
2017-03-01,PF금리,CD(91일) 수익률,CD(91일),1.479,,,
2017-04-01,PF금리,CD(91일) 수익률,CD(91일),1.43,,,
2017-05-01,PF금리,CD(91일) 수익률,CD(91일),1.393,,,
2017-06-01,PF금리,CD(91일) 수익률,CD(91일),1.38,,,
2017-07-01,PF금리,CD(91일) 수익률,CD(91일),1.389,,,
2017-08-01,PF금리,CD(91일) 수익률,CD(91일),1.389,,,
2017-09-01,PF금리,CD(91일) 수익률,CD(91일),1.38,,,
2017-10-01,PF금리,CD(91일) 수익률,CD(91일),1.384,,,
2017-11-01,PF금리,CD(91일) 수익률,CD(91일),1.45,,,
2017-12-01,PF금리,CD(91일) 수익률,CD(91일),1.66,,,
2018-01-01,PF금리,CD(91일) 수익률,CD(91일),1.655,,,
2018-02-01,PF금리,CD(91일) 수익률,CD(91일),1.65,,,
2018-03-01,PF금리,CD(91일) 수익률,CD(91일),1.65,,,
2018-04-01,PF금리,CD(91일) 수익률,CD(91일),1.65,,,
2018-05-01,PF금리,CD(91일) 수익률,CD(91일),1.65,,,
2018-06-01,PF금리,CD(91일) 수익률,CD(91일),1.65,,,
2018-07-01,PF금리,CD(91일) 수익률,CD(91일),1.65,,,
2018-08-01,PF금리,CD(91일) 수익률,CD(91일),1.65,,,
2018-09-01,PF금리,CD(91일) 수익률,CD(91일),1.65,,,
2018-10-01,PF금리,CD(91일) 수익률,CD(91일),1.678,,,
2018-11-01,PF금리,CD(91일) 수익률,CD(91일),1.709,,,
2018-12-01,PF금리,CD(91일) 수익률,CD(91일),1.905,,,
2019-01-01,PF금리,CD(91일) 수익률,CD(91일),1.866,,,
2019-02-01,PF금리,CD(91일) 수익률,CD(91일),1.874,,,
2019-03-01,PF금리,CD(91일) 수익률,CD(91일),1.895,,,
2019-04-01,PF금리,CD(91일) 수익률,CD(91일),1.86,,,
2019-05-01,PF금리,CD(91일) 수익률,CD(91일),1.84,,,
2019-06-01,PF금리,CD(91일) 수익률,CD(91일),1.804,,,
2019-07-01,PF금리,CD(91일) 수익률,CD(91일),1.68,,,
2019-08-01,PF금리,CD(91일) 수익률,CD(91일),1.491,,,
2019-09-01,PF금리,CD(91일) 수익률,CD(91일),1.536,,,
2019-10-01,PF금리,CD(91일) 수익률,CD(91일),1.458,,,
2019-11-01,PF금리,CD(91일) 수익률,CD(91일),1.518,,,
2019-12-01,PF금리,CD(91일) 수익률,CD(91일),1.53,,,
2020-01-01,PF금리,CD(91일) 수익률,CD(91일),1.465,,,
2020-02-01,PF금리,CD(91일) 수익률,CD(91일),1.416,,,
2020-03-01,PF금리,CD(91일) 수익률,CD(91일),1.23,,,
2020-04-01,PF금리,CD(91일) 수익률,CD(91일),1.1,,,
2020-05-01,PF금리,CD(91일) 수익률,CD(91일),1.022,,,
2020-06-01,PF금리,CD(91일) 수익률,CD(91일),0.793,,,
2020-07-01,PF금리,CD(91일) 수익률,CD(91일),0.787,,,
2020-08-01,PF금리,CD(91일) 수익률,CD(91일),0.68,,,
2020-09-01,PF금리,CD(91일) 수익률,CD(91일),0.63,,,
2020-10-01,PF금리,CD(91일) 수익률,CD(91일),0.63,,,
2020-11-01,PF금리,CD(91일) 수익률,CD(91일),0.66,,,
2020-12-01,PF금리,CD(91일) 수익률,CD(91일),0.66,,,
2021-01-01,PF금리,CD(91일) 수익률,CD(91일),0.678,,,
2021-02-01,PF금리,CD(91일) 수익률,CD(91일),0.733,,,
2021-03-01,PF금리,CD(91일) 수익률,CD(91일),0.748,,,
2021-04-01,PF금리,CD(91일) 수익률,CD(91일),0.737,,,
2021-05-01,PF금리,CD(91일) 수익률,CD(91일),0.682,,,
2021-06-01,PF금리,CD(91일) 수익률,CD(91일),0.663,,,
2021-07-01,PF금리,CD(91일) 수익률,CD(91일),0.694,,,
2021-08-01,PF금리,CD(91일) 수익률,CD(91일),0.765,,,
2021-09-01,PF금리,CD(91일) 수익률,CD(91일),0.981,,,
2021-10-01,PF금리,CD(91일) 수익률,CD(91일),1.076,,,
2021-11-01,PF금리,CD(91일) 수익률,CD(91일),1.168,,,
2021-12-01,PF금리,CD(91일) 수익률,CD(91일),1.272,,,
2022-01-01,PF금리,CD(91일) 수익률,CD(91일),1.394,,,
2022-02-01,PF금리,CD(91일) 수익률,CD(91일),1.5,,,
2022-03-01,PF금리,CD(91일) 수익률,CD(91일),1.503,,,
2022-04-01,PF금리,CD(91일) 수익률,CD(91일),1.63,,,
2022-05-01,PF금리,CD(91일) 수익률,CD(91일),1.77,,,
2022-06-01,PF금리,CD(91일) 수익률,CD(91일),1.986,,,
2022-07-01,PF금리,CD(91일) 수익률,CD(91일),2.407,,,
2022-08-01,PF금리,CD(91일) 수익률,CD(91일),2.79,,,
2022-09-01,PF금리,CD(91일) 수익률,CD(91일),3.014,,,
2022-10-01,PF금리,CD(91일) 수익률,CD(91일),3.693,,,
2022-11-01,PF금리,CD(91일) 수익률,CD(91일),3.992,,,
2022-12-01,PF금리,CD(91일) 수익률,CD(91일),4.021,,,
2023-01-01,PF금리,CD(91일) 수익률,CD(91일),3.801,,,
2023-02-01,PF금리,CD(91일) 수익률,CD(91일),3.519,,,
2023-03-01,PF금리,CD(91일) 수익률,CD(91일),3.607,,,
2023-04-01,PF금리,CD(91일) 수익률,CD(91일),3.498,,,
2023-05-01,PF금리,CD(91일) 수익률,CD(91일),3.644,,,
2023-06-01,PF금리,CD(91일) 수익률,CD(91일),3.751,,,
2023-07-01,PF금리,CD(91일) 수익률,CD(91일),3.747,,,
2023-08-01,PF금리,CD(91일) 수익률,CD(91일),3.702,,,
2023-09-01,PF금리,CD(91일) 수익률,CD(91일),3.763,,,
2023-10-01,PF금리,CD(91일) 수익률,CD(91일),3.822,,,
2023-11-01,PF금리,CD(91일) 수익률,CD(91일),3.833,,,
2023-12-01,PF금리,CD(91일) 수익률,CD(91일),3.834,,,
2024-01-01,PF금리,CD(91일) 수익률,CD(91일),3.737,,,
2024-02-01,PF금리,CD(91일) 수익률,CD(91일),3.685,,,
2024-03-01,PF금리,CD(91일) 수익률,CD(91일),3.654,,,
2024-04-01,PF금리,CD(91일) 수익률,CD(91일),3.575,,,
2024-05-01,PF금리,CD(91일) 수익률,CD(91일),3.596,,,
2024-06-01,PF금리,CD(91일) 수익률,CD(91일),3.601,,,
2024-07-01,PF금리,CD(91일) 수익률,CD(91일),3.541,,,
2024-08-01,PF금리,CD(91일) 수익률,CD(91일),3.497,,,
2024-09-01,PF금리,CD(91일) 수익률,CD(91일),3.521,,,
2024-10-01,PF금리,CD(91일) 수익률,CD(91일),3.43,,,
2024-11-01,PF금리,CD(91일) 수익률,CD(91일),3.423,,,
2024-12-01,PF금리,CD(91일) 수익률,CD(91일),3.349,,,
2025-01-01,PF금리,CD(91일) 수익률,CD(91일),3.037,,,
2025-02-01,PF금리,CD(91일) 수익률,CD(91일),2.947,,,
2025-03-01,PF금리,CD(91일) 수익률,CD(91일),2.842,,,
2025-04-01,PF금리,CD(91일) 수익률,CD(91일),2.739,,,
2025-05-01,PF금리,CD(91일) 수익률,CD(91일),2.671,,,
2025-06-01,PF금리,CD(91일) 수익률,CD(91일),2.567,,,
2025-07-01,PF금리,CD(91일) 수익률,CD(91일),2.513,,,
2025-08-01,PF금리,CD(91일) 수익률,CD(91일),2.513,,,
2025-09-01,PF금리,CD(91일) 수익률,CD(91일),2.558,,,
2025-10-01,PF금리,CD(91일) 수익률,CD(91일),2.545,,,
2025-11-01,PF금리,CD(91일) 수익률,CD(91일),2.687,,,
2025-12-01,PF금리,CD(91일) 수익률,CD(91일),2.835,,,
2026-01-01,PF금리,CD(91일) 수익률,CD(91일),2.705,,,
2026-02-01,PF금리,CD(91일) 수익률,CD(91일),2.779,,,
2026-03-01,PF금리,CD(91일) 수익률,CD(91일),2.821,,,
2026-04-01,PF금리,CD(91일) 수익률,CD(91일),2.819,,,
2026-05-01,PF금리,CD(91일) 수익률,CD(91일),2.821,,,
2026-06-01,PF금리,CD(91일) 수익률,CD(91일),2.913,,,
2026-07-01,PF금리,CD(91일) 수익률,CD(91일),2.914,,,
2026-08-01,PF금리,CD(91일) 수익률,CD(91일),2.93,,,
2026-09-01,PF금리,CD(91일) 수익률,CD(91일),,2.93,2.737,3.123
2026-10-01,PF금리,CD(91일) 수익률,CD(91일),,2.93,2.657,3.203
2026-11-01,PF금리,CD(91일) 수익률,CD(91일),,2.93,2.595,3.265
2026-12-01,PF금리,CD(91일) 수익률,CD(91일),,2.93,2.544,3.316
2027-01-01,PF금리,CD(91일) 수익률,CD(91일),,2.93,2.498,3.362
2027-02-01,PF금리,CD(91일) 수익률,CD(91일),,2.93,2.457,3.403
2027-03-01,PF금리,CD(91일) 수익률,CD(91일),,2.93,2.419,3.441
2027-04-01,PF금리,CD(91일) 수익률,CD(91일),,2.93,2.383,3.477
2027-05-01,PF금리,CD(91일) 수익률,CD(91일),,2.93,2.35,3.51
2027-06-01,PF금리,CD(91일) 수익률,CD(91일),,2.93,2.319,3.541
2027-07-01,PF금리,CD(91일) 수익률,CD(91일),,2.93,2.289,3.571
2027-08-01,PF금리,CD(91일) 수익률,CD(91일),,2.93,2.261,3.599
2027-09-01,PF금리,CD(91일) 수익률,CD(91일),,2.93,2.233,3.627
2027-10-01,PF금리,CD(91일) 수익률,CD(91일),,2.93,2.207,3.653
2027-11-01,PF금리,CD(91일) 수익률,CD(91일),,2.93,2.182,3.678
2027-12-01,PF금리,CD(91일) 수익률,CD(91일),,2.93,2.157,3.703
2028-01-01,PF금리,CD(91일) 수익률,CD(91일),,2.93,2.133,3.727
2028-02-01,PF금리,CD(91일) 수익률,CD(91일),,2.93,2.11,3.75
2028-03-01,PF금리,CD(91일) 수익률,CD(91일),,2.93,2.088,3.772
2028-04-01,PF금리,CD(91일) 수익률,CD(91일),,2.93,2.066,3.794
2028-05-01,PF금리,CD(91일) 수익률,CD(91일),,2.93,2.044,3.816
2028-06-01,PF금리,CD(91일) 수익률,CD(91일),,2.93,2.024,3.836
2028-07-01,PF금리,CD(91일) 수익률,CD(91일),,2.93,2.003,3.857
2028-08-01,PF금리,CD(91일) 수익률,CD(91일),,2.93,1.983,3.877
2028-09-01,PF금리,CD(91일) 수익률,CD(91일),,2.93,1.964,3.896
2028-10-01,PF금리,CD(91일) 수익률,CD(91일),,2.93,1.945,3.915
2028-11-01,PF금리,CD(91일) 수익률,CD(91일),,2.93,1.926,3.934
2028-12-01,PF금리,CD(91일) 수익률,CD(91일),,2.93,1.908,3.952
2029-01-01,PF금리,CD(91일) 수익률,CD(91일),,2.93,1.889,3.971
2029-02-01,PF금리,CD(91일) 수익률,CD(91일),,2.93,1.872,3.988
2029-03-01,PF금리,CD(91일) 수익률,CD(91일),,2.93,1.854,4.006
2029-04-01,PF금리,CD(91일) 수익률,CD(91일),,2.93,1.837,4.023
2029-05-01,PF금리,CD(91일) 수익률,CD(91일),,2.93,1.82,4.04
2029-06-01,PF금리,CD(91일) 수익률,CD(91일),,2.93,1.803,4.057
2029-07-01,PF금리,CD(91일) 수익률,CD(91일),,2.93,1.787,4.073
2029-08-01,PF금리,CD(91일) 수익률,CD(91일),,2.93,1.771,4.089
2029-09-01,PF금리,CD(91일) 수익률,CD(91일),,2.93,1.755,4.105
2029-10-01,PF금리,CD(91일) 수익률,CD(91일),,2.93,1.739,4.121
2029-11-01,PF금리,CD(91일) 수익률,CD(91일),,2.93,1.723,4.137
2029-12-01,PF금리,CD(91일) 수익률,CD(91일),,2.93,1.708,4.152
2015-01-01,PF금리,국고채(3년) 수익률,국고채(3년),2.039,,,
2015-02-01,PF금리,국고채(3년) 수익률,국고채(3년),2.024,,,
2015-03-01,PF금리,국고채(3년) 수익률,국고채(3년),1.865,,,
2015-04-01,PF금리,국고채(3년) 수익률,국고채(3년),1.739,,,
2015-05-01,PF금리,국고채(3년) 수익률,국고채(3년),1.875,,,
2015-06-01,PF금리,국고채(3년) 수익률,국고채(3년),1.773,,,
2015-07-01,PF금리,국고채(3년) 수익률,국고채(3년),1.777,,,
2015-08-01,PF금리,국고채(3년) 수익률,국고채(3년),1.735,,,
2015-09-01,PF금리,국고채(3년) 수익률,국고채(3년),1.651,,,
2015-10-01,PF금리,국고채(3년) 수익률,국고채(3년),1.627,,,
2015-11-01,PF금리,국고채(3년) 수익률,국고채(3년),1.752,,,
2015-12-01,PF금리,국고채(3년) 수익률,국고채(3년),1.719,,,
2016-01-01,PF금리,국고채(3년) 수익률,국고채(3년),1.628,,,
2016-02-01,PF금리,국고채(3년) 수익률,국고채(3년),1.474,,,
2016-03-01,PF금리,국고채(3년) 수익률,국고채(3년),1.498,,,
2016-04-01,PF금리,국고채(3년) 수익률,국고채(3년),1.468,,,
2016-05-01,PF금리,국고채(3년) 수익률,국고채(3년),1.454,,,
2016-06-01,PF금리,국고채(3년) 수익률,국고채(3년),1.334,,,
2016-07-01,PF금리,국고채(3년) 수익률,국고채(3년),1.218,,,
2016-08-01,PF금리,국고채(3년) 수익률,국고채(3년),1.238,,,
2016-09-01,PF금리,국고채(3년) 수익률,국고채(3년),1.312,,,
2016-10-01,PF금리,국고채(3년) 수익률,국고채(3년),1.361,,,
2016-11-01,PF금리,국고채(3년) 수익률,국고채(3년),1.609,,,
2016-12-01,PF금리,국고채(3년) 수익률,국고채(3년),1.692,,,
2017-01-01,PF금리,국고채(3년) 수익률,국고채(3년),1.643,,,
2017-02-01,PF금리,국고채(3년) 수익률,국고채(3년),1.665,,,
2017-03-01,PF금리,국고채(3년) 수익률,국고채(3년),1.709,,,
2017-04-01,PF금리,국고채(3년) 수익률,국고채(3년),1.678,,,
2017-05-01,PF금리,국고채(3년) 수익률,국고채(3년),1.69,,,
2017-06-01,PF금리,국고채(3년) 수익률,국고채(3년),1.673,,,
2017-07-01,PF금리,국고채(3년) 수익률,국고채(3년),1.74,,,
2017-08-01,PF금리,국고채(3년) 수익률,국고채(3년),1.78,,,
2017-09-01,PF금리,국고채(3년) 수익률,국고채(3년),1.785,,,
2017-10-01,PF금리,국고채(3년) 수익률,국고채(3년),2.026,,,
2017-11-01,PF금리,국고채(3년) 수익률,국고채(3년),2.15,,,
2017-12-01,PF금리,국고채(3년) 수익률,국고채(3년),2.1,,,
2018-01-01,PF금리,국고채(3년) 수익률,국고채(3년),2.19,,,
2018-02-01,PF금리,국고채(3년) 수익률,국고채(3년),2.277,,,
2018-03-01,PF금리,국고채(3년) 수익률,국고채(3년),2.271,,,
2018-04-01,PF금리,국고채(3년) 수익률,국고채(3년),2.192,,,
2018-05-01,PF금리,국고채(3년) 수익률,국고채(3년),2.25,,,
2018-06-01,PF금리,국고채(3년) 수익률,국고채(3년),2.175,,,
2018-07-01,PF금리,국고채(3년) 수익률,국고채(3년),2.097,,,
2018-08-01,PF금리,국고채(3년) 수익률,국고채(3년),2.019,,,
2018-09-01,PF금리,국고채(3년) 수익률,국고채(3년),1.953,,,
2018-10-01,PF금리,국고채(3년) 수익률,국고채(3년),2.01,,,
2018-11-01,PF금리,국고채(3년) 수익률,국고채(3년),1.94,,,
2018-12-01,PF금리,국고채(3년) 수익률,국고채(3년),1.825,,,
2019-01-01,PF금리,국고채(3년) 수익률,국고채(3년),1.807,,,
2019-02-01,PF금리,국고채(3년) 수익률,국고채(3년),1.802,,,
2019-03-01,PF금리,국고채(3년) 수익률,국고채(3년),1.789,,,
2019-04-01,PF금리,국고채(3년) 수익률,국고채(3년),1.736,,,
2019-05-01,PF금리,국고채(3년) 수익률,국고채(3년),1.679,,,
2019-06-01,PF금리,국고채(3년) 수익률,국고채(3년),1.496,,,
2019-07-01,PF금리,국고채(3년) 수익률,국고채(3년),1.382,,,
2019-08-01,PF금리,국고채(3년) 수익률,국고채(3년),1.164,,,
2019-09-01,PF금리,국고채(3년) 수익률,국고채(3년),1.287,,,
2019-10-01,PF금리,국고채(3년) 수익률,국고채(3년),1.357,,,
2019-11-01,PF금리,국고채(3년) 수익률,국고채(3년),1.492,,,
2019-12-01,PF금리,국고채(3년) 수익률,국고채(3년),1.39,,,
2020-01-01,PF금리,국고채(3년) 수익률,국고채(3년),1.373,,,
2020-02-01,PF금리,국고채(3년) 수익률,국고채(3년),1.253,,,
2020-03-01,PF금리,국고채(3년) 수익률,국고채(3년),1.091,,,
2020-04-01,PF금리,국고채(3년) 수익률,국고채(3년),1.024,,,
2020-05-01,PF금리,국고채(3년) 수익률,국고채(3년),0.878,,,
2020-06-01,PF금리,국고채(3년) 수익률,국고채(3년),0.85,,,
2020-07-01,PF금리,국고채(3년) 수익률,국고채(3년),0.826,,,
2020-08-01,PF금리,국고채(3년) 수익률,국고채(3년),0.829,,,
2020-09-01,PF금리,국고채(3년) 수익률,국고채(3년),0.908,,,
2020-10-01,PF금리,국고채(3년) 수익률,국고채(3년),0.91,,,
2020-11-01,PF금리,국고채(3년) 수익률,국고채(3년),0.965,,,
2020-12-01,PF금리,국고채(3년) 수익률,국고채(3년),0.97,,,
2021-01-01,PF금리,국고채(3년) 수익률,국고채(3년),0.975,,,
2021-02-01,PF금리,국고채(3년) 수익률,국고채(3년),0.995,,,
2021-03-01,PF금리,국고채(3년) 수익률,국고채(3년),1.133,,,
2021-04-01,PF금리,국고채(3년) 수익률,국고채(3년),1.138,,,
2021-05-01,PF금리,국고채(3년) 수익률,국고채(3년),1.134,,,
2021-06-01,PF금리,국고채(3년) 수익률,국고채(3년),1.302,,,
2021-07-01,PF금리,국고채(3년) 수익률,국고채(3년),1.419,,,
2021-08-01,PF금리,국고채(3년) 수익률,국고채(3년),1.411,,,
2021-09-01,PF금리,국고채(3년) 수익률,국고채(3년),1.515,,,
2021-10-01,PF금리,국고채(3년) 수익률,국고채(3년),1.842,,,
2021-11-01,PF금리,국고채(3년) 수익률,국고채(3년),1.953,,,
2021-12-01,PF금리,국고채(3년) 수익률,국고채(3년),1.8,,,
2022-01-01,PF금리,국고채(3년) 수익률,국고채(3년),2.06,,,
2022-02-01,PF금리,국고채(3년) 수익률,국고채(3년),2.285,,,
2022-03-01,PF금리,국고채(3년) 수익률,국고채(3년),2.369,,,
2022-04-01,PF금리,국고채(3년) 수익률,국고채(3년),2.941,,,
2022-05-01,PF금리,국고채(3년) 수익률,국고채(3년),3.019,,,
2022-06-01,PF금리,국고채(3년) 수익률,국고채(3년),3.477,,,
2022-07-01,PF금리,국고채(3년) 수익률,국고채(3년),3.238,,,
2022-08-01,PF금리,국고채(3년) 수익률,국고채(3년),3.247,,,
2022-09-01,PF금리,국고채(3년) 수익률,국고채(3년),3.903,,,
2022-10-01,PF금리,국고채(3년) 수익률,국고채(3년),4.235,,,
2022-11-01,PF금리,국고채(3년) 수익률,국고채(3년),3.895,,,
2022-12-01,PF금리,국고채(3년) 수익률,국고채(3년),3.63,,,
2023-01-01,PF금리,국고채(3년) 수익률,국고채(3년),3.46,,,
2023-02-01,PF금리,국고채(3년) 수익률,국고채(3년),3.47,,,
2023-03-01,PF금리,국고채(3년) 수익률,국고채(3년),3.461,,,
2023-04-01,PF금리,국고채(3년) 수익률,국고채(3년),3.263,,,
2023-05-01,PF금리,국고채(3년) 수익률,국고채(3년),3.33,,,
2023-06-01,PF금리,국고채(3년) 수익률,국고채(3년),3.548,,,
2023-07-01,PF금리,국고채(3년) 수익률,국고채(3년),3.638,,,
2023-08-01,PF금리,국고채(3년) 수익률,국고채(3년),3.727,,,
2023-09-01,PF금리,국고채(3년) 수익률,국고채(3년),3.842,,,
2023-10-01,PF금리,국고채(3년) 수익률,국고채(3년),4.031,,,
2023-11-01,PF금리,국고채(3년) 수익률,국고채(3년),3.771,,,
2023-12-01,PF금리,국고채(3년) 수익률,국고채(3년),3.35,,,
2024-01-01,PF금리,국고채(3년) 수익률,국고채(3년),3.266,,,
2024-02-01,PF금리,국고채(3년) 수익률,국고채(3년),3.351,,,
2024-03-01,PF금리,국고채(3년) 수익률,국고채(3년),3.31,,,
2024-04-01,PF금리,국고채(3년) 수익률,국고채(3년),3.439,,,
2024-05-01,PF금리,국고채(3년) 수익률,국고채(3년),3.432,,,
2024-06-01,PF금리,국고채(3년) 수익률,국고채(3년),3.262,,,
2024-07-01,PF금리,국고채(3년) 수익률,국고채(3년),3.083,,,
2024-08-01,PF금리,국고채(3년) 수익률,국고채(3년),2.924,,,
2024-09-01,PF금리,국고채(3년) 수익률,국고채(3년),2.868,,,
2024-10-01,PF금리,국고채(3년) 수익률,국고채(3년),2.911,,,
2024-11-01,PF금리,국고채(3년) 수익률,국고채(3년),2.858,,,
2024-12-01,PF금리,국고채(3년) 수익률,국고채(3년),2.59,,,
2025-01-01,PF금리,국고채(3년) 수익률,국고채(3년),2.571,,,
2025-02-01,PF금리,국고채(3년) 수익률,국고채(3년),2.61,,,
2025-03-01,PF금리,국고채(3년) 수익률,국고채(3년),2.59,,,
2025-04-01,PF금리,국고채(3년) 수익률,국고채(3년),2.395,,,
2025-05-01,PF금리,국고채(3년) 수익률,국고채(3년),2.331,,,
2025-06-01,PF금리,국고채(3년) 수익률,국고채(3년),2.441,,,
2025-07-01,PF금리,국고채(3년) 수익률,국고채(3년),2.465,,,
2025-08-01,PF금리,국고채(3년) 수익률,국고채(3년),2.427,,,
2025-09-01,PF금리,국고채(3년) 수익률,국고채(3년),2.464,,,
2025-10-01,PF금리,국고채(3년) 수익률,국고채(3년),2.601,,,
2025-11-01,PF금리,국고채(3년) 수익률,국고채(3년),2.88,,,
2025-12-01,PF금리,국고채(3년) 수익률,국고채(3년),3.01,,,
2026-01-01,PF금리,국고채(3년) 수익률,국고채(3년),3.044,,,
2026-02-01,PF금리,국고채(3년) 수익률,국고채(3년),3.167,,,
2026-03-01,PF금리,국고채(3년) 수익률,국고채(3년),3.378,,,
2026-04-01,PF금리,국고채(3년) 수익률,국고채(3년),3.413,,,
2026-05-01,PF금리,국고채(3년) 수익률,국고채(3년),3.682,,,
2026-06-01,PF금리,국고채(3년) 수익률,국고채(3년),3.794,,,
2026-07-01,PF금리,국고채(3년) 수익률,국고채(3년),3.828,,,
2026-08-01,PF금리,국고채(3년) 수익률,국고채(3년),3.742,,,
2026-09-01,PF금리,국고채(3년) 수익률,국고채(3년),,3.742,3.49,3.994
2026-10-01,PF금리,국고채(3년) 수익률,국고채(3년),,3.742,3.385,4.099
2026-11-01,PF금리,국고채(3년) 수익률,국고채(3년),,3.742,3.305,4.179
2026-12-01,PF금리,국고채(3년) 수익률,국고채(3년),,3.742,3.238,4.246
2027-01-01,PF금리,국고채(3년) 수익률,국고채(3년),,3.742,3.178,4.306
2027-02-01,PF금리,국고채(3년) 수익률,국고채(3년),,3.742,3.124,4.36
2027-03-01,PF금리,국고채(3년) 수익률,국고채(3년),,3.742,3.075,4.409
2027-04-01,PF금리,국고채(3년) 수익률,국고채(3년),,3.742,3.029,4.455
2027-05-01,PF금리,국고채(3년) 수익률,국고채(3년),,3.742,2.986,4.498
2027-06-01,PF금리,국고채(3년) 수익률,국고채(3년),,3.742,2.945,4.539
2027-07-01,PF금리,국고채(3년) 수익률,국고채(3년),,3.742,2.906,4.578
2027-08-01,PF금리,국고채(3년) 수익률,국고채(3년),,3.742,2.869,4.615
2027-09-01,PF금리,국고채(3년) 수익률,국고채(3년),,3.742,2.833,4.651
2027-10-01,PF금리,국고채(3년) 수익률,국고채(3년),,3.742,2.799,4.685
2027-11-01,PF금리,국고채(3년) 수익률,국고채(3년),,3.742,2.765,4.719
2027-12-01,PF금리,국고채(3년) 수익률,국고채(3년),,3.742,2.733,4.751
2028-01-01,PF금리,국고채(3년) 수익률,국고채(3년),,3.742,2.702,4.782
2028-02-01,PF금리,국고채(3년) 수익률,국고채(3년),,3.742,2.672,4.812
2028-03-01,PF금리,국고채(3년) 수익률,국고채(3년),,3.742,2.643,4.841
2028-04-01,PF금리,국고채(3년) 수익률,국고채(3년),,3.742,2.614,4.87
2028-05-01,PF금리,국고채(3년) 수익률,국고채(3년),,3.742,2.587,4.897
2028-06-01,PF금리,국고채(3년) 수익률,국고채(3년),,3.742,2.559,4.925
2028-07-01,PF금리,국고채(3년) 수익률,국고채(3년),,3.742,2.533,4.951
2028-08-01,PF금리,국고채(3년) 수익률,국고채(3년),,3.742,2.507,4.977
2028-09-01,PF금리,국고채(3년) 수익률,국고채(3년),,3.742,2.481,5.003
2028-10-01,PF금리,국고채(3년) 수익률,국고채(3년),,3.742,2.456,5.028
2028-11-01,PF금리,국고채(3년) 수익률,국고채(3년),,3.742,2.432,5.052
2028-12-01,PF금리,국고채(3년) 수익률,국고채(3년),,3.742,2.408,5.076
2029-01-01,PF금리,국고채(3년) 수익률,국고채(3년),,3.742,2.384,5.1
2029-02-01,PF금리,국고채(3년) 수익률,국고채(3년),,3.742,2.361,5.123
2029-03-01,PF금리,국고채(3년) 수익률,국고채(3년),,3.742,2.338,5.146
2029-04-01,PF금리,국고채(3년) 수익률,국고채(3년),,3.742,2.316,5.168
2029-05-01,PF금리,국고채(3년) 수익률,국고채(3년),,3.742,2.294,5.19
2029-06-01,PF금리,국고채(3년) 수익률,국고채(3년),,3.742,2.272,5.212
2029-07-01,PF금리,국고채(3년) 수익률,국고채(3년),,3.742,2.25,5.234
2029-08-01,PF금리,국고채(3년) 수익률,국고채(3년),,3.742,2.229,5.255
2029-09-01,PF금리,국고채(3년) 수익률,국고채(3년),,3.742,2.208,5.276
2029-10-01,PF금리,국고채(3년) 수익률,국고채(3년),,3.742,2.188,5.296
2029-11-01,PF금리,국고채(3년) 수익률,국고채(3년),,3.742,2.167,5.317
2029-12-01,PF금리,국고채(3년) 수익률,국고채(3년),,3.742,2.147,5.337
2015-01-01,보상비,소비자물가지수(총지수),총지수,94.643,,,
2015-02-01,보상비,소비자물가지수(총지수),총지수,94.587,,,
2015-03-01,보상비,소비자물가지수(총지수),총지수,94.596,,,
2015-04-01,보상비,소비자물가지수(총지수),총지수,94.625,,,
2015-05-01,보상비,소비자물가지수(총지수),총지수,94.89,,,
2015-06-01,보상비,소비자물가지수(총지수),총지수,94.909,,,
2015-07-01,보상비,소비자물가지수(총지수),총지수,95.08,,,
2015-08-01,보상비,소비자물가지수(총지수),총지수,95.213,,,
2015-09-01,보상비,소비자물가지수(총지수),총지수,94.966,,,
2015-10-01,보상비,소비자물가지수(총지수),총지수,94.966,,,
2015-11-01,보상비,소비자물가지수(총지수),총지수,94.786,,,
2015-12-01,보상비,소비자물가지수(총지수),총지수,95.07,,,
2016-01-01,보상비,소비자물가지수(총지수),총지수,95.232,,,
2016-02-01,보상비,소비자물가지수(총지수),총지수,95.64,,,
2016-03-01,보상비,소비자물가지수(총지수),총지수,95.393,,,
2016-04-01,보상비,소비자물가지수(총지수),총지수,95.573,,,
2016-05-01,보상비,소비자물가지수(총지수),총지수,95.63,,,
2016-06-01,보상비,소비자물가지수(총지수),총지수,95.611,,,
2016-07-01,보상비,소비자물가지수(총지수),총지수,95.431,,,
2016-08-01,보상비,소비자물가지수(총지수),총지수,95.677,,,
2016-09-01,보상비,소비자물가지수(총지수),총지수,96.247,,,
2016-10-01,보상비,소비자물가지수(총지수),총지수,96.379,,,
2016-11-01,보상비,소비자물가지수(총지수),총지수,96.237,,,
2016-12-01,보상비,소비자물가지수(총지수),총지수,96.342,,,
2017-01-01,보상비,소비자물가지수(총지수),총지수,97.366,,,
2017-02-01,보상비,소비자물가지수(총지수),총지수,97.632,,,
2017-03-01,보상비,소비자물가지수(총지수),총지수,97.565,,,
2017-04-01,보상비,소비자물가지수(총지수),총지수,97.442,,,
2017-05-01,보상비,소비자물가지수(총지수),총지수,97.546,,,
2017-06-01,보상비,소비자물가지수(총지수),총지수,97.338,,,
2017-07-01,보상비,소비자물가지수(총지수),총지수,97.499,,,
2017-08-01,보상비,소비자물가지수(총지수),총지수,98.058,,,
2017-09-01,보상비,소비자물가지수(총지수),총지수,98.172,,,
2017-10-01,보상비,소비자물가지수(총지수),총지수,98.077,,,
2017-11-01,보상비,소비자물가지수(총지수),총지수,97.347,,,
2017-12-01,보상비,소비자물가지수(총지수),총지수,97.698,,,
2018-01-01,보상비,소비자물가지수(총지수),총지수,98.106,,,
2018-02-01,보상비,소비자물가지수(총지수),총지수,98.855,,,
2018-03-01,보상비,소비자물가지수(총지수),총지수,98.751,,,
2018-04-01,보상비,소비자물가지수(총지수),총지수,98.931,,,
2018-05-01,보상비,소비자물가지수(총지수),총지수,98.979,,,
2018-06-01,보상비,소비자물가지수(총지수),총지수,98.779,,,
2018-07-01,보상비,소비자물가지수(총지수),총지수,98.59,,,
2018-08-01,보상비,소비자물가지수(총지수),총지수,99.462,,,
2018-09-01,보상비,소비자물가지수(총지수),총지수,100.221,,,
2018-10-01,보상비,소비자물가지수(총지수),총지수,100.041,,,
2018-11-01,보상비,소비자물가지수(총지수),총지수,99.33,,,
2018-12-01,보상비,소비자물가지수(총지수),총지수,98.988,,,
2019-01-01,보상비,소비자물가지수(총지수),총지수,98.884,,,
2019-02-01,보상비,소비자물가지수(총지수),총지수,99.311,,,
2019-03-01,보상비,소비자물가지수(총지수),총지수,99.121,,,
2019-04-01,보상비,소비자물가지수(총지수),총지수,99.481,,,
2019-05-01,보상비,소비자물가지수(총지수),총지수,99.652,,,
2019-06-01,보상비,소비자물가지수(총지수),총지수,99.491,,,
2019-07-01,보상비,소비자물가지수(총지수),총지수,99.187,,,
2019-08-01,보상비,소비자물가지수(총지수),총지수,99.425,,,
2019-09-01,보상비,소비자물가지수(총지수),총지수,99.794,,,
2019-10-01,보상비,소비자물가지수(총지수),총지수,100.041,,,
2019-11-01,보상비,소비자물가지수(총지수),총지수,99.481,,,
2019-12-01,보상비,소비자물가지수(총지수),총지수,99.719,,,
2020-01-01,보상비,소비자물가지수(총지수),총지수,100.09,,,
2020-02-01,보상비,소비자물가지수(총지수),총지수,100.16,,,
2020-03-01,보상비,소비자물가지수(총지수),총지수,99.94,,,
2020-04-01,보상비,소비자물가지수(총지수),총지수,99.5,,,
2020-05-01,보상비,소비자물가지수(총지수),총지수,99.44,,,
2020-06-01,보상비,소비자물가지수(총지수),총지수,99.71,,,
2020-07-01,보상비,소비자물가지수(총지수),총지수,99.63,,,
2020-08-01,보상비,소비자물가지수(총지수),총지수,100.19,,,
2020-09-01,보상비,소비자물가지수(총지수),총지수,100.74,,,
2020-10-01,보상비,소비자물가지수(총지수),총지수,100.18,,,
2020-11-01,보상비,소비자물가지수(총지수),총지수,100.09,,,
2020-12-01,보상비,소비자물가지수(총지수),총지수,100.33,,,
2021-01-01,보상비,소비자물가지수(총지수),총지수,101.04,,,
2021-02-01,보상비,소비자물가지수(총지수),총지수,101.58,,,
2021-03-01,보상비,소비자물가지수(총지수),총지수,101.84,,,
2021-04-01,보상비,소비자물가지수(총지수),총지수,101.98,,,
2021-05-01,보상비,소비자물가지수(총지수),총지수,102.05,,,
2021-06-01,보상비,소비자물가지수(총지수),총지수,102.05,,,
2021-07-01,보상비,소비자물가지수(총지수),총지수,102.26,,,
2021-08-01,보상비,소비자물가지수(총지수),총지수,102.75,,,
2021-09-01,보상비,소비자물가지수(총지수),총지수,103.17,,,
2021-10-01,보상비,소비자물가지수(총지수),총지수,103.35,,,
2021-11-01,보상비,소비자물가지수(총지수),총지수,103.87,,,
2021-12-01,보상비,소비자물가지수(총지수),총지수,104.04,,,
2022-01-01,보상비,소비자물가지수(총지수),총지수,104.85,,,
2022-02-01,보상비,소비자물가지수(총지수),총지수,105.42,,,
2022-03-01,보상비,소비자물가지수(총지수),총지수,106.1,,,
2022-04-01,보상비,소비자물가지수(총지수),총지수,106.83,,,
2022-05-01,보상비,소비자물가지수(총지수),총지수,107.5,,,
2022-06-01,보상비,소비자물가지수(총지수),총지수,108.21,,,
2022-07-01,보상비,소비자물가지수(총지수),총지수,108.73,,,
2022-08-01,보상비,소비자물가지수(총지수),총지수,108.63,,,
2022-09-01,보상비,소비자물가지수(총지수),총지수,108.82,,,
2022-10-01,보상비,소비자물가지수(총지수),총지수,109.16,,,
2022-11-01,보상비,소비자물가지수(총지수),총지수,109.07,,,
2022-12-01,보상비,소비자물가지수(총지수),총지수,109.26,,,
2023-01-01,보상비,소비자물가지수(총지수),총지수,110.07,,,
2023-02-01,보상비,소비자물가지수(총지수),총지수,110.33,,,
2023-03-01,보상비,소비자물가지수(총지수),총지수,110.52,,,
2023-04-01,보상비,소비자물가지수(총지수),총지수,110.77,,,
2023-05-01,보상비,소비자물가지수(총지수),총지수,111.13,,,
2023-06-01,보상비,소비자물가지수(총지수),총지수,111.16,,,
2023-07-01,보상비,소비자물가지수(총지수),총지수,111.29,,,
2023-08-01,보상비,소비자물가지수(총지수),총지수,112.28,,,
2023-09-01,보상비,소비자물가지수(총지수),총지수,112.85,,,
2023-10-01,보상비,소비자물가지수(총지수),총지수,113.27,,,
2023-11-01,보상비,소비자물가지수(총지수),총지수,112.68,,,
2023-12-01,보상비,소비자물가지수(총지수),총지수,112.73,,,
2024-01-01,보상비,소비자물가지수(총지수),총지수,113.17,,,
2024-02-01,보상비,소비자물가지수(총지수),총지수,113.78,,,
2024-03-01,보상비,소비자물가지수(총지수),총지수,113.95,,,
2024-04-01,보상비,소비자물가지수(총지수),총지수,114.01,,,
2024-05-01,보상비,소비자물가지수(총지수),총지수,114.1,,,
2024-06-01,보상비,소비자물가지수(총지수),총지수,113.84,,,
2024-07-01,보상비,소비자물가지수(총지수),총지수,114.13,,,
2024-08-01,보상비,소비자물가지수(총지수),총지수,114.54,,,
2024-09-01,보상비,소비자물가지수(총지수),총지수,114.65,,,
2024-10-01,보상비,소비자물가지수(총지수),총지수,114.69,,,
2024-11-01,보상비,소비자물가지수(총지수),총지수,114.4,,,
2024-12-01,보상비,소비자물가지수(총지수),총지수,114.91,,,
2025-01-01,보상비,소비자물가지수(총지수),총지수,115.71,,,
2025-02-01,보상비,소비자물가지수(총지수),총지수,116.08,,,
2025-03-01,보상비,소비자물가지수(총지수),총지수,116.29,,,
2025-04-01,보상비,소비자물가지수(총지수),총지수,116.38,,,
2025-05-01,보상비,소비자물가지수(총지수),총지수,116.27,,,
2025-06-01,보상비,소비자물가지수(총지수),총지수,116.31,,,
2025-07-01,보상비,소비자물가지수(총지수),총지수,116.52,,,
2025-08-01,보상비,소비자물가지수(총지수),총지수,116.45,,,
2025-09-01,보상비,소비자물가지수(총지수),총지수,117.06,,,
2025-10-01,보상비,소비자물가지수(총지수),총지수,117.42,,,
2025-11-01,보상비,소비자물가지수(총지수),총지수,117.2,,,
2025-12-01,보상비,소비자물가지수(총지수),총지수,117.57,,,
2026-01-01,보상비,소비자물가지수(총지수),총지수,118.03,,,
2026-02-01,보상비,소비자물가지수(총지수),총지수,118.4,,,
2026-03-01,보상비,소비자물가지수(총지수),총지수,118.8,,,
2026-04-01,보상비,소비자물가지수(총지수),총지수,119.37,,,
2026-05-01,보상비,소비자물가지수(총지수),총지수,119.92,,,
2026-06-01,보상비,소비자물가지수(총지수),총지수,119.99,,,
2026-07-01,보상비,소비자물가지수(총지수),총지수,,119.704,118.983,120.424
2026-08-01,보상비,소비자물가지수(총지수),총지수,,119.943,119.223,120.664
2026-09-01,보상비,소비자물가지수(총지수),총지수,,120.182,119.462,120.903
2026-10-01,보상비,소비자물가지수(총지수),총지수,,120.422,119.701,121.142
2026-11-01,보상비,소비자물가지수(총지수),총지수,,120.661,119.941,121.382
2026-12-01,보상비,소비자물가지수(총지수),총지수,,120.9,120.18,121.621
2027-01-01,보상비,소비자물가지수(총지수),총지수,,121.14,120.419,121.86
2027-02-01,보상비,소비자물가지수(총지수),총지수,,121.379,120.659,122.1
2027-03-01,보상비,소비자물가지수(총지수),총지수,,121.618,120.898,122.339
2027-04-01,보상비,소비자물가지수(총지수),총지수,,121.858,121.137,122.578
2027-05-01,보상비,소비자물가지수(총지수),총지수,,122.097,121.377,122.818
2027-06-01,보상비,소비자물가지수(총지수),총지수,,122.336,121.616,123.057
2027-07-01,보상비,소비자물가지수(총지수),총지수,,122.576,121.855,123.296
2027-08-01,보상비,소비자물가지수(총지수),총지수,,122.815,122.095,123.536
2027-09-01,보상비,소비자물가지수(총지수),총지수,,123.054,122.334,123.775
2027-10-01,보상비,소비자물가지수(총지수),총지수,,123.294,122.573,124.014
2027-11-01,보상비,소비자물가지수(총지수),총지수,,123.533,122.813,124.254
2027-12-01,보상비,소비자물가지수(총지수),총지수,,123.772,123.052,124.493
2028-01-01,보상비,소비자물가지수(총지수),총지수,,124.012,123.291,124.732
2028-02-01,보상비,소비자물가지수(총지수),총지수,,124.251,123.531,124.972
2028-03-01,보상비,소비자물가지수(총지수),총지수,,124.49,123.77,125.211
2028-04-01,보상비,소비자물가지수(총지수),총지수,,124.73,124.009,125.45
2028-05-01,보상비,소비자물가지수(총지수),총지수,,124.969,124.249,125.69
2028-06-01,보상비,소비자물가지수(총지수),총지수,,125.208,124.488,125.929
2028-07-01,보상비,소비자물가지수(총지수),총지수,,125.448,124.727,126.168
2028-08-01,보상비,소비자물가지수(총지수),총지수,,125.687,124.967,126.408
2028-09-01,보상비,소비자물가지수(총지수),총지수,,125.926,125.206,126.647
2028-10-01,보상비,소비자물가지수(총지수),총지수,,126.166,125.445,126.886
2028-11-01,보상비,소비자물가지수(총지수),총지수,,126.405,125.685,127.126
2028-12-01,보상비,소비자물가지수(총지수),총지수,,126.644,125.924,127.365
2029-01-01,보상비,소비자물가지수(총지수),총지수,,126.884,126.163,127.604
2029-02-01,보상비,소비자물가지수(총지수),총지수,,127.123,126.403,127.844
2029-03-01,보상비,소비자물가지수(총지수),총지수,,127.362,126.642,128.083
2029-04-01,보상비,소비자물가지수(총지수),총지수,,127.602,126.881,128.322
2029-05-01,보상비,소비자물가지수(총지수),총지수,,127.841,127.121,128.562
2029-06-01,보상비,소비자물가지수(총지수),총지수,,128.08,127.36,128.801
2029-07-01,보상비,소비자물가지수(총지수),총지수,,128.32,127.599,129.04
2029-08-01,보상비,소비자물가지수(총지수),총지수,,128.559,127.839,129.28
2029-09-01,보상비,소비자물가지수(총지수),총지수,,128.798,128.078,129.519
2029-10-01,보상비,소비자물가지수(총지수),총지수,,129.038,128.317,129.758
2029-11-01,보상비,소비자물가지수(총지수),총지수,,129.277,128.557,129.998
2029-12-01,보상비,소비자물가지수(총지수),총지수,,129.516,128.796,130.237
2015-01-01,PF금리,"회사채(3년, AA-) 수익률","회사채(3년, AA-)",2.356,,,
2015-02-01,PF금리,"회사채(3년, AA-) 수익률","회사채(3년, AA-)",2.3,,,
2015-03-01,PF금리,"회사채(3년, AA-) 수익률","회사채(3년, AA-)",2.128,,,
2015-04-01,PF금리,"회사채(3년, AA-) 수익률","회사채(3년, AA-)",1.988,,,
2015-05-01,PF금리,"회사채(3년, AA-) 수익률","회사채(3년, AA-)",2.115,,,
2015-06-01,PF금리,"회사채(3년, AA-) 수익률","회사채(3년, AA-)",2.012,,,
2015-07-01,PF금리,"회사채(3년, AA-) 수익률","회사채(3년, AA-)",2.001,,,
2015-08-01,PF금리,"회사채(3년, AA-) 수익률","회사채(3년, AA-)",1.98,,,
2015-09-01,PF금리,"회사채(3년, AA-) 수익률","회사채(3년, AA-)",1.946,,,
2015-10-01,PF금리,"회사채(3년, AA-) 수익률","회사채(3년, AA-)",1.962,,,
2015-11-01,PF금리,"회사채(3년, AA-) 수익률","회사채(3년, AA-)",2.118,,,
2015-12-01,PF금리,"회사채(3년, AA-) 수익률","회사채(3년, AA-)",2.143,,,
2016-01-01,PF금리,"회사채(3년, AA-) 수익률","회사채(3년, AA-)",2.091,,,
2016-02-01,PF금리,"회사채(3년, AA-) 수익률","회사채(3년, AA-)",1.95,,,
2016-03-01,PF금리,"회사채(3년, AA-) 수익률","회사채(3년, AA-)",1.979,,,
2016-04-01,PF금리,"회사채(3년, AA-) 수익률","회사채(3년, AA-)",1.94,,,
2016-05-01,PF금리,"회사채(3년, AA-) 수익률","회사채(3년, AA-)",1.91,,,
2016-06-01,PF금리,"회사채(3년, AA-) 수익률","회사채(3년, AA-)",1.789,,,
2016-07-01,PF금리,"회사채(3년, AA-) 수익률","회사채(3년, AA-)",1.65,,,
2016-08-01,PF금리,"회사채(3년, AA-) 수익률","회사채(3년, AA-)",1.645,,,
2016-09-01,PF금리,"회사채(3년, AA-) 수익률","회사채(3년, AA-)",1.704,,,
2016-10-01,PF금리,"회사채(3년, AA-) 수익률","회사채(3년, AA-)",1.781,,,
2016-11-01,PF금리,"회사채(3년, AA-) 수익률","회사채(3년, AA-)",2.021,,,
2016-12-01,PF금리,"회사채(3년, AA-) 수익률","회사채(3년, AA-)",2.162,,,
2017-01-01,PF금리,"회사채(3년, AA-) 수익률","회사채(3년, AA-)",2.104,,,
2017-02-01,PF금리,"회사채(3년, AA-) 수익률","회사채(3년, AA-)",2.129,,,
2017-03-01,PF금리,"회사채(3년, AA-) 수익률","회사채(3년, AA-)",2.208,,,
2017-04-01,PF금리,"회사채(3년, AA-) 수익률","회사채(3년, AA-)",2.195,,,
2017-05-01,PF금리,"회사채(3년, AA-) 수익률","회사채(3년, AA-)",2.216,,,
2017-06-01,PF금리,"회사채(3년, AA-) 수익률","회사채(3년, AA-)",2.208,,,
2017-07-01,PF금리,"회사채(3년, AA-) 수익률","회사채(3년, AA-)",2.278,,,
2017-08-01,PF금리,"회사채(3년, AA-) 수익률","회사채(3년, AA-)",2.32,,,
2017-09-01,PF금리,"회사채(3년, AA-) 수익률","회사채(3년, AA-)",2.333,,,
2017-10-01,PF금리,"회사채(3년, AA-) 수익률","회사채(3년, AA-)",2.574,,,
2017-11-01,PF금리,"회사채(3년, AA-) 수익률","회사채(3년, AA-)",2.709,,,
2017-12-01,PF금리,"회사채(3년, AA-) 수익률","회사채(3년, AA-)",2.649,,,
2018-01-01,PF금리,"회사채(3년, AA-) 수익률","회사채(3년, AA-)",2.722,,,
2018-02-01,PF금리,"회사채(3년, AA-) 수익률","회사채(3년, AA-)",2.815,,,
2018-03-01,PF금리,"회사채(3년, AA-) 수익률","회사채(3년, AA-)",2.831,,,
2018-04-01,PF금리,"회사채(3년, AA-) 수익률","회사채(3년, AA-)",2.794,,,
2018-05-01,PF금리,"회사채(3년, AA-) 수익률","회사채(3년, AA-)",2.86,,,
2018-06-01,PF금리,"회사채(3년, AA-) 수익률","회사채(3년, AA-)",2.805,,,
2018-07-01,PF금리,"회사채(3년, AA-) 수익률","회사채(3년, AA-)",2.75,,,
2018-08-01,PF금리,"회사채(3년, AA-) 수익률","회사채(3년, AA-)",2.656,,,
2018-09-01,PF금리,"회사채(3년, AA-) 수익률","회사채(3년, AA-)",2.403,,,
2018-10-01,PF금리,"회사채(3년, AA-) 수익률","회사채(3년, AA-)",2.452,,,
2018-11-01,PF금리,"회사채(3년, AA-) 수익률","회사채(3년, AA-)",2.403,,,
2018-12-01,PF금리,"회사채(3년, AA-) 수익률","회사채(3년, AA-)",2.304,,,
2019-01-01,PF금리,"회사채(3년, AA-) 수익률","회사채(3년, AA-)",2.263,,,
2019-02-01,PF금리,"회사채(3년, AA-) 수익률","회사채(3년, AA-)",2.249,,,
2019-03-01,PF금리,"회사채(3년, AA-) 수익률","회사채(3년, AA-)",2.244,,,
2019-04-01,PF금리,"회사채(3년, AA-) 수익률","회사채(3년, AA-)",2.207,,,
2019-05-01,PF금리,"회사채(3년, AA-) 수익률","회사채(3년, AA-)",2.153,,,
2019-06-01,PF금리,"회사채(3년, AA-) 수익률","회사채(3년, AA-)",2.004,,,
2019-07-01,PF금리,"회사채(3년, AA-) 수익률","회사채(3년, AA-)",1.885,,,
2019-08-01,PF금리,"회사채(3년, AA-) 수익률","회사채(3년, AA-)",1.689,,,
2019-09-01,PF금리,"회사채(3년, AA-) 수익률","회사채(3년, AA-)",1.792,,,
2019-10-01,PF금리,"회사채(3년, AA-) 수익률","회사채(3년, AA-)",1.861,,,
2019-11-01,PF금리,"회사채(3년, AA-) 수익률","회사채(3년, AA-)",2.002,,,
2019-12-01,PF금리,"회사채(3년, AA-) 수익률","회사채(3년, AA-)",1.948,,,
2020-01-01,PF금리,"회사채(3년, AA-) 수익률","회사채(3년, AA-)",1.955,,,
2020-02-01,PF금리,"회사채(3년, AA-) 수익률","회사채(3년, AA-)",1.847,,,
2020-03-01,PF금리,"회사채(3년, AA-) 수익률","회사채(3년, AA-)",1.84,,,
2020-04-01,PF금리,"회사채(3년, AA-) 수익률","회사채(3년, AA-)",2.145,,,
2020-05-01,PF금리,"회사채(3년, AA-) 수익률","회사채(3년, AA-)",2.179,,,
2020-06-01,PF금리,"회사채(3년, AA-) 수익률","회사채(3년, AA-)",2.218,,,
2020-07-01,PF금리,"회사채(3년, AA-) 수익률","회사채(3년, AA-)",2.219,,,
2020-08-01,PF금리,"회사채(3년, AA-) 수익률","회사채(3년, AA-)",2.192,,,
2020-09-01,PF금리,"회사채(3년, AA-) 수익률","회사채(3년, AA-)",2.239,,,
2020-10-01,PF금리,"회사채(3년, AA-) 수익률","회사채(3년, AA-)",2.239,,,
2020-11-01,PF금리,"회사채(3년, AA-) 수익률","회사채(3년, AA-)",2.247,,,
2020-12-01,PF금리,"회사채(3년, AA-) 수익률","회사채(3년, AA-)",2.211,,,
2021-01-01,PF금리,"회사채(3년, AA-) 수익률","회사채(3년, AA-)",2.143,,,
2021-02-01,PF금리,"회사채(3년, AA-) 수익률","회사채(3년, AA-)",2.055,,,
2021-03-01,PF금리,"회사채(3년, AA-) 수익률","회사채(3년, AA-)",2.091,,,
2021-04-01,PF금리,"회사채(3년, AA-) 수익률","회사채(3년, AA-)",1.983,,,
2021-05-01,PF금리,"회사채(3년, AA-) 수익률","회사채(3년, AA-)",1.891,,,
2021-06-01,PF금리,"회사채(3년, AA-) 수익률","회사채(3년, AA-)",1.913,,,
2021-07-01,PF금리,"회사채(3년, AA-) 수익률","회사채(3년, AA-)",1.888,,,
2021-08-01,PF금리,"회사채(3년, AA-) 수익률","회사채(3년, AA-)",1.838,,,
2021-09-01,PF금리,"회사채(3년, AA-) 수익률","회사채(3년, AA-)",1.953,,,
2021-10-01,PF금리,"회사채(3년, AA-) 수익률","회사채(3년, AA-)",2.302,,,
2021-11-01,PF금리,"회사채(3년, AA-) 수익률","회사채(3년, AA-)",2.492,,,
2021-12-01,PF금리,"회사채(3년, AA-) 수익률","회사채(3년, AA-)",2.41,,,
2022-01-01,PF금리,"회사채(3년, AA-) 수익률","회사채(3년, AA-)",2.632,,,
2022-02-01,PF금리,"회사채(3년, AA-) 수익률","회사채(3년, AA-)",2.873,,,
2022-03-01,PF금리,"회사채(3년, AA-) 수익률","회사채(3년, AA-)",3.028,,,
2022-04-01,PF금리,"회사채(3년, AA-) 수익률","회사채(3년, AA-)",3.631,,,
2022-05-01,PF금리,"회사채(3년, AA-) 수익률","회사채(3년, AA-)",3.775,,,
2022-06-01,PF금리,"회사채(3년, AA-) 수익률","회사채(3년, AA-)",4.233,,,
2022-07-01,PF금리,"회사채(3년, AA-) 수익률","회사채(3년, AA-)",4.126,,,
2022-08-01,PF금리,"회사채(3년, AA-) 수익률","회사채(3년, AA-)",4.227,,,
2022-09-01,PF금리,"회사채(3년, AA-) 수익률","회사채(3년, AA-)",4.9,,,
2022-10-01,PF금리,"회사채(3년, AA-) 수익률","회사채(3년, AA-)",5.436,,,
2022-11-01,PF금리,"회사채(3년, AA-) 수익률","회사채(3년, AA-)",5.487,,,
2022-12-01,PF금리,"회사채(3년, AA-) 수익률","회사채(3년, AA-)",5.302,,,
2023-01-01,PF금리,"회사채(3년, AA-) 수익률","회사채(3년, AA-)",4.704,,,
2023-02-01,PF금리,"회사채(3년, AA-) 수익률","회사채(3년, AA-)",4.274,,,
2023-03-01,PF금리,"회사채(3년, AA-) 수익률","회사채(3년, AA-)",4.184,,,
2023-04-01,PF금리,"회사채(3년, AA-) 수익률","회사채(3년, AA-)",4.072,,,
2023-05-01,PF금리,"회사채(3년, AA-) 수익률","회사채(3년, AA-)",4.139,,,
2023-06-01,PF금리,"회사채(3년, AA-) 수익률","회사채(3년, AA-)",4.356,,,
2023-07-01,PF금리,"회사채(3년, AA-) 수익률","회사채(3년, AA-)",4.437,,,
2023-08-01,PF금리,"회사채(3년, AA-) 수익률","회사채(3년, AA-)",4.5,,,
2023-09-01,PF금리,"회사채(3년, AA-) 수익률","회사채(3년, AA-)",4.602,,,
2023-10-01,PF금리,"회사채(3년, AA-) 수익률","회사채(3년, AA-)",4.827,,,
2023-11-01,PF금리,"회사채(3년, AA-) 수익률","회사채(3년, AA-)",4.583,,,
2023-12-01,PF금리,"회사채(3년, AA-) 수익률","회사채(3년, AA-)",4.076,,,
2024-01-01,PF금리,"회사채(3년, AA-) 수익률","회사채(3년, AA-)",4.013,,,
2024-02-01,PF금리,"회사채(3년, AA-) 수익률","회사채(3년, AA-)",4.053,,,
2024-03-01,PF금리,"회사채(3년, AA-) 수익률","회사채(3년, AA-)",3.944,,,
2024-04-01,PF금리,"회사채(3년, AA-) 수익률","회사채(3년, AA-)",3.974,,,
2024-05-01,PF금리,"회사채(3년, AA-) 수익률","회사채(3년, AA-)",3.876,,,
2024-06-01,PF금리,"회사채(3년, AA-) 수익률","회사채(3년, AA-)",3.708,,,
2024-07-01,PF금리,"회사채(3년, AA-) 수익률","회사채(3년, AA-)",3.542,,,
2024-08-01,PF금리,"회사채(3년, AA-) 수익률","회사채(3년, AA-)",3.418,,,
2024-09-01,PF금리,"회사채(3년, AA-) 수익률","회사채(3년, AA-)",3.448,,,
2024-10-01,PF금리,"회사채(3년, AA-) 수익률","회사채(3년, AA-)",3.485,,,
2024-11-01,PF금리,"회사채(3년, AA-) 수익률","회사채(3년, AA-)",3.428,,,
2024-12-01,PF금리,"회사채(3년, AA-) 수익률","회사채(3년, AA-)",3.236,,,
2025-01-01,PF금리,"회사채(3년, AA-) 수익률","회사채(3년, AA-)",3.229,,,
2025-02-01,PF금리,"회사채(3년, AA-) 수익률","회사채(3년, AA-)",3.206,,,
2025-03-01,PF금리,"회사채(3년, AA-) 수익률","회사채(3년, AA-)",3.161,,,
2025-04-01,PF금리,"회사채(3년, AA-) 수익률","회사채(3년, AA-)",2.98,,,
2025-05-01,PF금리,"회사채(3년, AA-) 수익률","회사채(3년, AA-)",2.908,,,
2025-06-01,PF금리,"회사채(3년, AA-) 수익률","회사채(3년, AA-)",2.98,,,
2025-07-01,PF금리,"회사채(3년, AA-) 수익률","회사채(3년, AA-)",2.957,,,
2025-08-01,PF금리,"회사채(3년, AA-) 수익률","회사채(3년, AA-)",2.914,,,
2025-09-01,PF금리,"회사채(3년, AA-) 수익률","회사채(3년, AA-)",2.926,,,
2025-10-01,PF금리,"회사채(3년, AA-) 수익률","회사채(3년, AA-)",3.028,,,
2025-11-01,PF금리,"회사채(3년, AA-) 수익률","회사채(3년, AA-)",3.299,,,
2025-12-01,PF금리,"회사채(3년, AA-) 수익률","회사채(3년, AA-)",3.502,,,
2026-01-01,PF금리,"회사채(3년, AA-) 수익률","회사채(3년, AA-)",3.545,,,
2026-02-01,PF금리,"회사채(3년, AA-) 수익률","회사채(3년, AA-)",3.718,,,
2026-03-01,PF금리,"회사채(3년, AA-) 수익률","회사채(3년, AA-)",3.969,,,
2026-04-01,PF금리,"회사채(3년, AA-) 수익률","회사채(3년, AA-)",4.07,,,
2026-05-01,PF금리,"회사채(3년, AA-) 수익률","회사채(3년, AA-)",4.316,,,
2026-06-01,PF금리,"회사채(3년, AA-) 수익률","회사채(3년, AA-)",4.429,,,
2026-07-01,PF금리,"회사채(3년, AA-) 수익률","회사채(3년, AA-)",4.525,,,
2026-08-01,PF금리,"회사채(3년, AA-) 수익률","회사채(3년, AA-)",4.462,,,
2026-09-01,PF금리,"회사채(3년, AA-) 수익률","회사채(3년, AA-)",,4.462,4.216,4.708
2026-10-01,PF금리,"회사채(3년, AA-) 수익률","회사채(3년, AA-)",,4.462,4.114,4.81
2026-11-01,PF금리,"회사채(3년, AA-) 수익률","회사채(3년, AA-)",,4.462,4.036,4.888
2026-12-01,PF금리,"회사채(3년, AA-) 수익률","회사채(3년, AA-)",,4.462,3.97,4.954
2027-01-01,PF금리,"회사채(3년, AA-) 수익률","회사채(3년, AA-)",,4.462,3.912,5.012
2027-02-01,PF금리,"회사채(3년, AA-) 수익률","회사채(3년, AA-)",,4.462,3.86,5.064
2027-03-01,PF금리,"회사채(3년, AA-) 수익률","회사채(3년, AA-)",,4.462,3.812,5.112
2027-04-01,PF금리,"회사채(3년, AA-) 수익률","회사채(3년, AA-)",,4.462,3.767,5.157
2027-05-01,PF금리,"회사채(3년, AA-) 수익률","회사채(3년, AA-)",,4.462,3.725,5.199
2027-06-01,PF금리,"회사채(3년, AA-) 수익률","회사채(3년, AA-)",,4.462,3.685,5.239
2027-07-01,PF금리,"회사채(3년, AA-) 수익률","회사채(3년, AA-)",,4.462,3.647,5.277
2027-08-01,PF금리,"회사채(3년, AA-) 수익률","회사채(3년, AA-)",,4.462,3.611,5.313
2027-09-01,PF금리,"회사채(3년, AA-) 수익률","회사채(3년, AA-)",,4.462,3.576,5.348
2027-10-01,PF금리,"회사채(3년, AA-) 수익률","회사채(3년, AA-)",,4.462,3.542,5.382
2027-11-01,PF금리,"회사채(3년, AA-) 수익률","회사채(3년, AA-)",,4.462,3.51,5.414
2027-12-01,PF금리,"회사채(3년, AA-) 수익률","회사채(3년, AA-)",,4.462,3.479,5.445
2028-01-01,PF금리,"회사채(3년, AA-) 수익률","회사채(3년, AA-)",,4.462,3.449,5.475
2028-02-01,PF금리,"회사채(3년, AA-) 수익률","회사채(3년, AA-)",,4.462,3.419,5.505
2028-03-01,PF금리,"회사채(3년, AA-) 수익률","회사채(3년, AA-)",,4.462,3.391,5.533
2028-04-01,PF금리,"회사채(3년, AA-) 수익률","회사채(3년, AA-)",,4.462,3.363,5.561
2028-05-01,PF금리,"회사채(3년, AA-) 수익률","회사채(3년, AA-)",,4.462,3.336,5.588
2028-06-01,PF금리,"회사채(3년, AA-) 수익률","회사채(3년, AA-)",,4.462,3.309,5.615
2028-07-01,PF금리,"회사채(3년, AA-) 수익률","회사채(3년, AA-)",,4.462,3.283,5.641
2028-08-01,PF금리,"회사채(3년, AA-) 수익률","회사채(3년, AA-)",,4.462,3.258,5.666
2028-09-01,PF금리,"회사채(3년, AA-) 수익률","회사채(3년, AA-)",,4.462,3.233,5.691
2028-10-01,PF금리,"회사채(3년, AA-) 수익률","회사채(3년, AA-)",,4.462,3.209,5.715
2028-11-01,PF금리,"회사채(3년, AA-) 수익률","회사채(3년, AA-)",,4.462,3.185,5.739
2028-12-01,PF금리,"회사채(3년, AA-) 수익률","회사채(3년, AA-)",,4.462,3.161,5.763
2029-01-01,PF금리,"회사채(3년, AA-) 수익률","회사채(3년, AA-)",,4.462,3.138,5.786
2029-02-01,PF금리,"회사채(3년, AA-) 수익률","회사채(3년, AA-)",,4.462,3.116,5.808
2029-03-01,PF금리,"회사채(3년, AA-) 수익률","회사채(3년, AA-)",,4.462,3.093,5.831
2029-04-01,PF금리,"회사채(3년, AA-) 수익률","회사채(3년, AA-)",,4.462,3.072,5.852
2029-05-01,PF금리,"회사채(3년, AA-) 수익률","회사채(3년, AA-)",,4.462,3.05,5.874
2029-06-01,PF금리,"회사채(3년, AA-) 수익률","회사채(3년, AA-)",,4.462,3.029,5.895
2029-07-01,PF금리,"회사채(3년, AA-) 수익률","회사채(3년, AA-)",,4.462,3.008,5.916
2029-08-01,PF금리,"회사채(3년, AA-) 수익률","회사채(3년, AA-)",,4.462,2.987,5.937
2029-09-01,PF금리,"회사채(3년, AA-) 수익률","회사채(3년, AA-)",,4.462,2.967,5.957
2029-10-01,PF금리,"회사채(3년, AA-) 수익률","회사채(3년, AA-)",,4.462,2.947,5.977
2029-11-01,PF금리,"회사채(3년, AA-) 수익률","회사채(3년, AA-)",,4.462,2.927,5.997
2029-12-01,PF금리,"회사채(3년, AA-) 수익률","회사채(3년, AA-)",,4.462,2.907,6.017
2015-01-01,PF금리,"회사채(3년, BBB-) 수익률","회사채(3년, BBB-)",8.209,,,
2015-02-01,PF금리,"회사채(3년, BBB-) 수익률","회사채(3년, BBB-)",8.191,,,
2015-03-01,PF금리,"회사채(3년, BBB-) 수익률","회사채(3년, BBB-)",8.027,,,
2015-04-01,PF금리,"회사채(3년, BBB-) 수익률","회사채(3년, BBB-)",7.888,,,
2015-05-01,PF금리,"회사채(3년, BBB-) 수익률","회사채(3년, BBB-)",8.025,,,
2015-06-01,PF금리,"회사채(3년, BBB-) 수익률","회사채(3년, BBB-)",7.923,,,
2015-07-01,PF금리,"회사채(3년, BBB-) 수익률","회사채(3년, BBB-)",7.919,,,
2015-08-01,PF금리,"회사채(3년, BBB-) 수익률","회사채(3년, BBB-)",7.909,,,
2015-09-01,PF금리,"회사채(3년, BBB-) 수익률","회사채(3년, BBB-)",7.872,,,
2015-10-01,PF금리,"회사채(3년, BBB-) 수익률","회사채(3년, BBB-)",7.894,,,
2015-11-01,PF금리,"회사채(3년, BBB-) 수익률","회사채(3년, BBB-)",8.064,,,
2015-12-01,PF금리,"회사채(3년, BBB-) 수익률","회사채(3년, BBB-)",8.085,,,
2016-01-01,PF금리,"회사채(3년, BBB-) 수익률","회사채(3년, BBB-)",8.033,,,
2016-02-01,PF금리,"회사채(3년, BBB-) 수익률","회사채(3년, BBB-)",7.901,,,
2016-03-01,PF금리,"회사채(3년, BBB-) 수익률","회사채(3년, BBB-)",7.952,,,
2016-04-01,PF금리,"회사채(3년, BBB-) 수익률","회사채(3년, BBB-)",7.936,,,
2016-05-01,PF금리,"회사채(3년, BBB-) 수익률","회사채(3년, BBB-)",7.94,,,
2016-06-01,PF금리,"회사채(3년, BBB-) 수익률","회사채(3년, BBB-)",7.833,,,
2016-07-01,PF금리,"회사채(3년, BBB-) 수익률","회사채(3년, BBB-)",7.721,,,
2016-08-01,PF금리,"회사채(3년, BBB-) 수익률","회사채(3년, BBB-)",7.725,,,
2016-09-01,PF금리,"회사채(3년, BBB-) 수익률","회사채(3년, BBB-)",7.791,,,
2016-10-01,PF금리,"회사채(3년, BBB-) 수익률","회사채(3년, BBB-)",7.87,,,
2016-11-01,PF금리,"회사채(3년, BBB-) 수익률","회사채(3년, BBB-)",8.128,,,
2016-12-01,PF금리,"회사채(3년, BBB-) 수익률","회사채(3년, BBB-)",8.281,,,
2017-01-01,PF금리,"회사채(3년, BBB-) 수익률","회사채(3년, BBB-)",8.281,,,
2017-02-01,PF금리,"회사채(3년, BBB-) 수익률","회사채(3년, BBB-)",8.331,,,
2017-03-01,PF금리,"회사채(3년, BBB-) 수익률","회사채(3년, BBB-)",8.413,,,
2017-04-01,PF금리,"회사채(3년, BBB-) 수익률","회사채(3년, BBB-)",8.411,,,
2017-05-01,PF금리,"회사채(3년, BBB-) 수익률","회사채(3년, BBB-)",8.443,,,
2017-06-01,PF금리,"회사채(3년, BBB-) 수익률","회사채(3년, BBB-)",8.444,,,
2017-07-01,PF금리,"회사채(3년, BBB-) 수익률","회사채(3년, BBB-)",8.52,,,
2017-08-01,PF금리,"회사채(3년, BBB-) 수익률","회사채(3년, BBB-)",8.565,,,
2017-09-01,PF금리,"회사채(3년, BBB-) 수익률","회사채(3년, BBB-)",8.576,,,
2017-10-01,PF금리,"회사채(3년, BBB-) 수익률","회사채(3년, BBB-)",8.823,,,
2017-11-01,PF금리,"회사채(3년, BBB-) 수익률","회사채(3년, BBB-)",8.959,,,
2017-12-01,PF금리,"회사채(3년, BBB-) 수익률","회사채(3년, BBB-)",8.909,,,
2018-01-01,PF금리,"회사채(3년, BBB-) 수익률","회사채(3년, BBB-)",8.984,,,
2018-02-01,PF금리,"회사채(3년, BBB-) 수익률","회사채(3년, BBB-)",9.051,,,
2018-03-01,PF금리,"회사채(3년, BBB-) 수익률","회사채(3년, BBB-)",9.051,,,
2018-04-01,PF금리,"회사채(3년, BBB-) 수익률","회사채(3년, BBB-)",9.013,,,
2018-05-01,PF금리,"회사채(3년, BBB-) 수익률","회사채(3년, BBB-)",9.073,,,
2018-06-01,PF금리,"회사채(3년, BBB-) 수익률","회사채(3년, BBB-)",9.016,,,
2018-07-01,PF금리,"회사채(3년, BBB-) 수익률","회사채(3년, BBB-)",8.957,,,
2018-08-01,PF금리,"회사채(3년, BBB-) 수익률","회사채(3년, BBB-)",8.846,,,
2018-09-01,PF금리,"회사채(3년, BBB-) 수익률","회사채(3년, BBB-)",8.476,,,
2018-10-01,PF금리,"회사채(3년, BBB-) 수익률","회사채(3년, BBB-)",8.515,,,
2018-11-01,PF금리,"회사채(3년, BBB-) 수익률","회사채(3년, BBB-)",8.454,,,
2018-12-01,PF금리,"회사채(3년, BBB-) 수익률","회사채(3년, BBB-)",8.373,,,
2019-01-01,PF금리,"회사채(3년, BBB-) 수익률","회사채(3년, BBB-)",8.343,,,
2019-02-01,PF금리,"회사채(3년, BBB-) 수익률","회사채(3년, BBB-)",8.329,,,
2019-03-01,PF금리,"회사채(3년, BBB-) 수익률","회사채(3년, BBB-)",8.318,,,
2019-04-01,PF금리,"회사채(3년, BBB-) 수익률","회사채(3년, BBB-)",8.28,,,
2019-05-01,PF금리,"회사채(3년, BBB-) 수익률","회사채(3년, BBB-)",8.224,,,
2019-06-01,PF금리,"회사채(3년, BBB-) 수익률","회사채(3년, BBB-)",8.097,,,
2019-07-01,PF금리,"회사채(3년, BBB-) 수익률","회사채(3년, BBB-)",7.989,,,
2019-08-01,PF금리,"회사채(3년, BBB-) 수익률","회사채(3년, BBB-)",7.791,,,
2019-09-01,PF금리,"회사채(3년, BBB-) 수익률","회사채(3년, BBB-)",7.894,,,
2019-10-01,PF금리,"회사채(3년, BBB-) 수익률","회사채(3년, BBB-)",7.97,,,
2019-11-01,PF금리,"회사채(3년, BBB-) 수익률","회사채(3년, BBB-)",8.112,,,
2019-12-01,PF금리,"회사채(3년, BBB-) 수익률","회사채(3년, BBB-)",8.059,,,
2020-01-01,PF금리,"회사채(3년, BBB-) 수익률","회사채(3년, BBB-)",8.068,,,
2020-02-01,PF금리,"회사채(3년, BBB-) 수익률","회사채(3년, BBB-)",7.971,,,
2020-03-01,PF금리,"회사채(3년, BBB-) 수익률","회사채(3년, BBB-)",8.005,,,
2020-04-01,PF금리,"회사채(3년, BBB-) 수익률","회사채(3년, BBB-)",8.367,,,
2020-05-01,PF금리,"회사채(3년, BBB-) 수익률","회사채(3년, BBB-)",8.44,,,
2020-06-01,PF금리,"회사채(3년, BBB-) 수익률","회사채(3년, BBB-)",8.515,,,
2020-07-01,PF금리,"회사채(3년, BBB-) 수익률","회사채(3년, BBB-)",8.544,,,
2020-08-01,PF금리,"회사채(3년, BBB-) 수익률","회사채(3년, BBB-)",8.542,,,
2020-09-01,PF금리,"회사채(3년, BBB-) 수익률","회사채(3년, BBB-)",8.59,,,
2020-10-01,PF금리,"회사채(3년, BBB-) 수익률","회사채(3년, BBB-)",8.598,,,
2020-11-01,PF금리,"회사채(3년, BBB-) 수익률","회사채(3년, BBB-)",8.636,,,
2020-12-01,PF금리,"회사채(3년, BBB-) 수익률","회사채(3년, BBB-)",8.619,,,
2021-01-01,PF금리,"회사채(3년, BBB-) 수익률","회사채(3년, BBB-)",8.543,,,
2021-02-01,PF금리,"회사채(3년, BBB-) 수익률","회사채(3년, BBB-)",8.439,,,
2021-03-01,PF금리,"회사채(3년, BBB-) 수익률","회사채(3년, BBB-)",8.459,,,
2021-04-01,PF금리,"회사채(3년, BBB-) 수익률","회사채(3년, BBB-)",8.351,,,
2021-05-01,PF금리,"회사채(3년, BBB-) 수익률","회사채(3년, BBB-)",8.259,,,
2021-06-01,PF금리,"회사채(3년, BBB-) 수익률","회사채(3년, BBB-)",8.29,,,
2021-07-01,PF금리,"회사채(3년, BBB-) 수익률","회사채(3년, BBB-)",8.245,,,
2021-08-01,PF금리,"회사채(3년, BBB-) 수익률","회사채(3년, BBB-)",8.17,,,
2021-09-01,PF금리,"회사채(3년, BBB-) 수익률","회사채(3년, BBB-)",8.197,,,
2021-10-01,PF금리,"회사채(3년, BBB-) 수익률","회사채(3년, BBB-)",8.376,,,
2021-11-01,PF금리,"회사채(3년, BBB-) 수익률","회사채(3년, BBB-)",8.374,,,
2021-12-01,PF금리,"회사채(3년, BBB-) 수익률","회사채(3년, BBB-)",8.263,,,
2022-01-01,PF금리,"회사채(3년, BBB-) 수익률","회사채(3년, BBB-)",8.506,,,
2022-02-01,PF금리,"회사채(3년, BBB-) 수익률","회사채(3년, BBB-)",8.724,,,
2022-03-01,PF금리,"회사채(3년, BBB-) 수익률","회사채(3년, BBB-)",8.858,,,
2022-04-01,PF금리,"회사채(3년, BBB-) 수익률","회사채(3년, BBB-)",9.471,,,
2022-05-01,PF금리,"회사채(3년, BBB-) 수익률","회사채(3년, BBB-)",9.618,,,
2022-06-01,PF금리,"회사채(3년, BBB-) 수익률","회사채(3년, BBB-)",10.08,,,
2022-07-01,PF금리,"회사채(3년, BBB-) 수익률","회사채(3년, BBB-)",9.976,,,
2022-08-01,PF금리,"회사채(3년, BBB-) 수익률","회사채(3년, BBB-)",10.078,,,
2022-09-01,PF금리,"회사채(3년, BBB-) 수익률","회사채(3년, BBB-)",10.756,,,
2022-10-01,PF금리,"회사채(3년, BBB-) 수익률","회사채(3년, BBB-)",11.288,,,
2022-11-01,PF금리,"회사채(3년, BBB-) 수익률","회사채(3년, BBB-)",11.331,,,
2022-12-01,PF금리,"회사채(3년, BBB-) 수익률","회사채(3년, BBB-)",11.173,,,
2023-01-01,PF금리,"회사채(3년, BBB-) 수익률","회사채(3년, BBB-)",10.788,,,
2023-02-01,PF금리,"회사채(3년, BBB-) 수익률","회사채(3년, BBB-)",10.631,,,
2023-03-01,PF금리,"회사채(3년, BBB-) 수익률","회사채(3년, BBB-)",10.595,,,
2023-04-01,PF금리,"회사채(3년, BBB-) 수익률","회사채(3년, BBB-)",10.458,,,
2023-05-01,PF금리,"회사채(3년, BBB-) 수익률","회사채(3년, BBB-)",10.524,,,
2023-06-01,PF금리,"회사채(3년, BBB-) 수익률","회사채(3년, BBB-)",10.744,,,
2023-07-01,PF금리,"회사채(3년, BBB-) 수익률","회사채(3년, BBB-)",10.829,,,
2023-08-01,PF금리,"회사채(3년, BBB-) 수익률","회사채(3년, BBB-)",10.91,,,
2023-09-01,PF금리,"회사채(3년, BBB-) 수익률","회사채(3년, BBB-)",11.022,,,
2023-10-01,PF금리,"회사채(3년, BBB-) 수익률","회사채(3년, BBB-)",11.222,,,
2023-11-01,PF금리,"회사채(3년, BBB-) 수익률","회사채(3년, BBB-)",10.978,,,
2023-12-01,PF금리,"회사채(3년, BBB-) 수익률","회사채(3년, BBB-)",10.529,,,
2024-01-01,PF금리,"회사채(3년, BBB-) 수익률","회사채(3년, BBB-)",10.453,,,
2024-02-01,PF금리,"회사채(3년, BBB-) 수익률","회사채(3년, BBB-)",10.44,,,
2024-03-01,PF금리,"회사채(3년, BBB-) 수익률","회사채(3년, BBB-)",10.21,,,
2024-04-01,PF금리,"회사채(3년, BBB-) 수익률","회사채(3년, BBB-)",10.189,,,
2024-05-01,PF금리,"회사채(3년, BBB-) 수익률","회사채(3년, BBB-)",10.054,,,
2024-06-01,PF금리,"회사채(3년, BBB-) 수익률","회사채(3년, BBB-)",9.824,,,
2024-07-01,PF금리,"회사채(3년, BBB-) 수익률","회사채(3년, BBB-)",9.614,,,
2024-08-01,PF금리,"회사채(3년, BBB-) 수익률","회사채(3년, BBB-)",9.4,,,
2024-09-01,PF금리,"회사채(3년, BBB-) 수익률","회사채(3년, BBB-)",9.335,,,
2024-10-01,PF금리,"회사채(3년, BBB-) 수익률","회사채(3년, BBB-)",9.342,,,
2024-11-01,PF금리,"회사채(3년, BBB-) 수익률","회사채(3년, BBB-)",9.248,,,
2024-12-01,PF금리,"회사채(3년, BBB-) 수익률","회사채(3년, BBB-)",9.014,,,
2025-01-01,PF금리,"회사채(3년, BBB-) 수익률","회사채(3년, BBB-)",8.989,,,
2025-02-01,PF금리,"회사채(3년, BBB-) 수익률","회사채(3년, BBB-)",8.972,,,
2025-03-01,PF금리,"회사채(3년, BBB-) 수익률","회사채(3년, BBB-)",8.922,,,
2025-04-01,PF금리,"회사채(3년, BBB-) 수익률","회사채(3년, BBB-)",8.733,,,
2025-05-01,PF금리,"회사채(3년, BBB-) 수익률","회사채(3년, BBB-)",8.657,,,
2025-06-01,PF금리,"회사채(3년, BBB-) 수익률","회사채(3년, BBB-)",8.763,,,
2025-07-01,PF금리,"회사채(3년, BBB-) 수익률","회사채(3년, BBB-)",8.784,,,
2025-08-01,PF금리,"회사채(3년, BBB-) 수익률","회사채(3년, BBB-)",8.752,,,
2025-09-01,PF금리,"회사채(3년, BBB-) 수익률","회사채(3년, BBB-)",8.772,,,
2025-10-01,PF금리,"회사채(3년, BBB-) 수익률","회사채(3년, BBB-)",8.877,,,
2025-11-01,PF금리,"회사채(3년, BBB-) 수익률","회사채(3년, BBB-)",9.151,,,
2025-12-01,PF금리,"회사채(3년, BBB-) 수익률","회사채(3년, BBB-)",9.343,,,
2026-01-01,PF금리,"회사채(3년, BBB-) 수익률","회사채(3년, BBB-)",9.39,,,
2026-02-01,PF금리,"회사채(3년, BBB-) 수익률","회사채(3년, BBB-)",9.542,,,
2026-03-01,PF금리,"회사채(3년, BBB-) 수익률","회사채(3년, BBB-)",9.771,,,
2026-04-01,PF금리,"회사채(3년, BBB-) 수익률","회사채(3년, BBB-)",9.871,,,
2026-05-01,PF금리,"회사채(3년, BBB-) 수익률","회사채(3년, BBB-)",10.115,,,
2026-06-01,PF금리,"회사채(3년, BBB-) 수익률","회사채(3년, BBB-)",10.246,,,
2026-07-01,PF금리,"회사채(3년, BBB-) 수익률","회사채(3년, BBB-)",10.331,,,
2026-08-01,PF금리,"회사채(3년, BBB-) 수익률","회사채(3년, BBB-)",10.258,,,
2026-09-01,PF금리,"회사채(3년, BBB-) 수익률","회사채(3년, BBB-)",,10.258,10.001,10.515
2026-10-01,PF금리,"회사채(3년, BBB-) 수익률","회사채(3년, BBB-)",,10.258,9.895,10.621
2026-11-01,PF금리,"회사채(3년, BBB-) 수익률","회사채(3년, BBB-)",,10.258,9.813,10.703
2026-12-01,PF금리,"회사채(3년, BBB-) 수익률","회사채(3년, BBB-)",,10.258,9.744,10.772
2027-01-01,PF금리,"회사채(3년, BBB-) 수익률","회사채(3년, BBB-)",,10.258,9.684,10.832
2027-02-01,PF금리,"회사채(3년, BBB-) 수익률","회사채(3년, BBB-)",,10.258,9.629,10.887
2027-03-01,PF금리,"회사채(3년, BBB-) 수익률","회사채(3년, BBB-)",,10.258,9.578,10.938
2027-04-01,PF금리,"회사채(3년, BBB-) 수익률","회사채(3년, BBB-)",,10.258,9.531,10.985
2027-05-01,PF금리,"회사채(3년, BBB-) 수익률","회사채(3년, BBB-)",,10.258,9.487,11.029
2027-06-01,PF금리,"회사채(3년, BBB-) 수익률","회사채(3년, BBB-)",,10.258,9.446,11.07
2027-07-01,PF금리,"회사채(3년, BBB-) 수익률","회사채(3년, BBB-)",,10.258,9.406,11.11
2027-08-01,PF금리,"회사채(3년, BBB-) 수익률","회사채(3년, BBB-)",,10.258,9.368,11.148
2027-09-01,PF금리,"회사채(3년, BBB-) 수익률","회사채(3년, BBB-)",,10.258,9.332,11.184
2027-10-01,PF금리,"회사채(3년, BBB-) 수익률","회사채(3년, BBB-)",,10.258,9.297,11.219
2027-11-01,PF금리,"회사채(3년, BBB-) 수익률","회사채(3년, BBB-)",,10.258,9.263,11.253
2027-12-01,PF금리,"회사채(3년, BBB-) 수익률","회사채(3년, BBB-)",,10.258,9.23,11.286
2028-01-01,PF금리,"회사채(3년, BBB-) 수익률","회사채(3년, BBB-)",,10.258,9.199,11.317
2028-02-01,PF금리,"회사채(3년, BBB-) 수익률","회사채(3년, BBB-)",,10.258,9.168,11.348
2028-03-01,PF금리,"회사채(3년, BBB-) 수익률","회사채(3년, BBB-)",,10.258,9.138,11.378
2028-04-01,PF금리,"회사채(3년, BBB-) 수익률","회사채(3년, BBB-)",,10.258,9.109,11.407
2028-05-01,PF금리,"회사채(3년, BBB-) 수익률","회사채(3년, BBB-)",,10.258,9.081,11.435
2028-06-01,PF금리,"회사채(3년, BBB-) 수익률","회사채(3년, BBB-)",,10.258,9.053,11.463
2028-07-01,PF금리,"회사채(3년, BBB-) 수익률","회사채(3년, BBB-)",,10.258,9.026,11.49
2028-08-01,PF금리,"회사채(3년, BBB-) 수익률","회사채(3년, BBB-)",,10.258,8.999,11.517
2028-09-01,PF금리,"회사채(3년, BBB-) 수익률","회사채(3년, BBB-)",,10.258,8.973,11.543
2028-10-01,PF금리,"회사채(3년, BBB-) 수익률","회사채(3년, BBB-)",,10.258,8.948,11.568
2028-11-01,PF금리,"회사채(3년, BBB-) 수익률","회사채(3년, BBB-)",,10.258,8.923,11.593
2028-12-01,PF금리,"회사채(3년, BBB-) 수익률","회사채(3년, BBB-)",,10.258,8.899,11.617
2029-01-01,PF금리,"회사채(3년, BBB-) 수익률","회사채(3년, BBB-)",,10.258,8.874,11.642
2029-02-01,PF금리,"회사채(3년, BBB-) 수익률","회사채(3년, BBB-)",,10.258,8.851,11.665
2029-03-01,PF금리,"회사채(3년, BBB-) 수익률","회사채(3년, BBB-)",,10.258,8.828,11.688
2029-04-01,PF금리,"회사채(3년, BBB-) 수익률","회사채(3년, BBB-)",,10.258,8.805,11.711
2029-05-01,PF금리,"회사채(3년, BBB-) 수익률","회사채(3년, BBB-)",,10.258,8.782,11.734
2029-06-01,PF금리,"회사채(3년, BBB-) 수익률","회사채(3년, BBB-)",,10.258,8.76,11.756
2029-07-01,PF금리,"회사채(3년, BBB-) 수익률","회사채(3년, BBB-)",,10.258,8.738,11.778
2029-08-01,PF금리,"회사채(3년, BBB-) 수익률","회사채(3년, BBB-)",,10.258,8.717,11.799
2029-09-01,PF금리,"회사채(3년, BBB-) 수익률","회사채(3년, BBB-)",,10.258,8.695,11.821
2029-10-01,PF금리,"회사채(3년, BBB-) 수익률","회사채(3년, BBB-)",,10.258,8.674,11.842
2029-11-01,PF금리,"회사채(3년, BBB-) 수익률","회사채(3년, BBB-)",,10.258,8.654,11.862
2029-12-01,PF금리,"회사채(3년, BBB-) 수익률","회사채(3년, BBB-)",,10.258,8.633,11.883
